objectId,houseNo,name,latitude,longitude,image,largeImage,managerId,imageTag,commId,commName,discount,address,age,houselandtype,houselandtypeShow,priceFirst,totalPrice,areaBuilding,areaLand,isHasBalcony,pingUsed,layout,floor,totalfloor,isParking,parking,tags,threeMonthsClicks,isOff,isSimilar,shareURL,status,kind,uniPrice,objectType,3DVR,Is3Dvr,zipCode,groupCompany,addLayout,totalLayout,isHasVideo,isHasView,city_name,city_code,page,source_url
,9354BN,金門約１８８６坪土地,24.435088,118.422407,['https://res.sinyi.com.tw/buy/9354BN/smallimg/A.JPG'],https://res.sinyi.com.tw/buy/9354BN/bigimg/A.JPG,,,,,0,金門縣金湖鎮環島南路五段,--,['I'],['I'],40560,40560,0.0,1886.52,0,-1.0,,,,False,,"['16', '19']",64,False,False,https://sinyi.in/o/9354BN/0/3,2,1,,3,False,False,891,1.0,,,False,False,金門縣,Kinmen-county,1,https://www.sinyi.com.tw/buy/list/Kinmen-county/default-desc/1
,9825BT,金門土地讚,24.426855,118.329928,['https://res.sinyi.com.tw/buy/9825BT/smallimg/A.JPG'],https://res.sinyi.com.tw/buy/9825BT/bigimg/A.JPG,,,,,0,金門縣金寧鄉林湖路,--,['I'],['I'],1150,1150,0.0,369.5,0,-1.0,,,,False,,[],43,False,False,https://sinyi.in/o/9825BT/0/3,2,1,,3,False,False,892,1.0,,,False,False,金門縣,Kinmen-county,1,https://www.sinyi.com.tw/buy/list/Kinmen-county/default-desc/1
,YS90208HB,溪邊大馬路旁農地,24.44047301,118.4139346,['https://img.hbhousing.com.tw/pictures/A588/A588YS90208a.jpg'],https://img.hbhousing.com.tw/pictures/A588/A588YS90208a.jpg,,,,,0,金門縣金湖鎮金湖鎮,--,['I'],['I'],0,1800,0.0,490.2,0,-1.0,,0,0,False,,[],14,False,False,https://sinyi.in/o/YS90208HB/0/3,0,2,,3,False,False,891,,,,False,False,金門縣,Kinmen-county,1,https://www.sinyi.com.tw/buy/list/Kinmen-county/default-desc/1
,YS90209HB,溪邊農地1,24.44047301,118.4139346,['https://img.hbhousing.com.tw/pictures/A588/A588YS90209a.jpg'],https://img.hbhousing.com.tw/pictures/A588/A588YS90209a.jpg,,,,,0,金門縣金湖鎮金湖鎮,--,['I'],['I'],0,520,0.0,302.51,0,-1.0,,0,0,False,,[],16,False,False,https://sinyi.in/o/YS90209HB/0/3,0,2,,3,False,False,891,,,,False,False,金門縣,Kinmen-county,1,https://www.sinyi.com.tw/buy/list/Kinmen-county/default-desc/1
,YS93048HB,安岐集村農地,24.45088311,118.33298178,['https://img.hbhousing.com.tw/pictures/A588/A588YS93048a.jpg'],https://img.hbhousing.com.tw/pictures/A588/A588YS93048a.jpg,,,,,0,金門縣金寧鄉金寧鄉,--,['I'],['I'],0,1580,0.0,432.03,0,-1.0,,0,0,False,,[],22,False,False,https://sinyi.in/o/YS93048HB/0/3,0,2,,3,False,False,892,,,,False,False,金門縣,Kinmen-county,1,https://www.sinyi.com.tw/buy/list/Kinmen-county/default-desc/1
,ZS193063HB,水頭悠靜建地,24.4156,118.311,['https://img.hbhousing.com.tw/pictures/A588/A588ZS193063a.jpg'],https://img.hbhousing.com.tw/pictures/A588/A588ZS193063a.jpg,,,,,0,金門縣金城鎮前水頭測段,--,['I'],['I'],0,606,0.0,66.25,0,-1.0,,0,0,False,,[],35,False,False,https://sinyi.in/o/ZS193063HB/0/3,0,2,,3,False,False,893,,,,False,False,金門縣,Kinmen-county,1,https://www.sinyi.com.tw/buy/list/Kinmen-county/default-desc/1
,ZS201620HB,埔後三房電梯美寓,24.446643,118.318824,['https://img.hbhousing.com.tw/pictures/A588/A588ZS201620a.jpg'],https://img.hbhousing.com.tw/pictures/A588/A588ZS201620a.jpg,,,,,0,金門縣金寧鄉寧湖一劃,1.1年,['M'],['M'],0,1250,34.65,0.0,1,29.71,3房2廳2衛,2,0,False,,[],25,False,False,https://sinyi.in/o/ZS201620HB/0/3,0,2,,1,False,False,892,,,3房2廳2衛,False,False,金門縣,Kinmen-county,1,https://www.sinyi.com.tw/buy/list/Kinmen-county/default-desc/1
,YS113513HB,新前墩建地,24.495761,118.425276,['https://img.hbhousing.com.tw/pictures/A588/A588YS113513a.jpg'],https://img.hbhousing.com.tw/pictures/A588/A588YS113513a.jpg,,,,,0,金門縣金沙鎮新前墩,--,['I'],['I'],0,1150,0.0,183.77,0,-1.0,,0,0,False,,[],16,False,False,https://sinyi.in/o/YS113513HB/0/3,0,2,,3,False,False,890,,,,False,False,金門縣,Kinmen-county,1,https://www.sinyi.com.tw/buy/list/Kinmen-county/default-desc/1
,ZS192851HB,金城山前美農地,24.4156,118.311,['https://img.hbhousing.com.tw/pictures/A588/A588ZS192851a.jpg'],https://img.hbhousing.com.tw/pictures/A588/A588ZS192851a.jpg,,,,,0,金門縣金城鎮山前,--,['I'],['I'],0,60,0.0,90.15,0,-1.0,,0,0,False,,[],53,False,False,https://sinyi.in/o/ZS192851HB/0/3,0,2,,3,False,False,893,,,,False,False,金門縣,Kinmen-county,1,https://www.sinyi.com.tw/buy/list/Kinmen-county/default-desc/1
,ZS200311HB,料羅新村全新大店面,24.4174861,118.4335194,['https://img.hbhousing.com.tw/pictures/A588/A588ZS200311a.jpg'],https://img.hbhousing.com.tw/pictures/A588/A588ZS200311a.jpg,,,,,0,金門縣金湖鎮羅劃測,0.5年,['E'],['E'],0,750,34.36,15.13,0,27.12,1衛,1,0,False,,[],7,False,False,https://sinyi.in/o/ZS200311HB/0/3,0,2,,1,False,False,891,,,1衛,False,False,金門縣,Kinmen-county,1,https://www.sinyi.com.tw/buy/list/Kinmen-county/default-desc/1
,ZB06430GH,金門海景公寓含車位,24.4033549,118.3080523,['https://img.great-home.com.tw/pictures/H168/H168ZB06430a.jpg'],https://img.great-home.com.tw/pictures/H168/H168ZB06430a.jpg,,,,,0,金門縣金城鎮金門城,1.4年,['M'],['M'],0,838,32.87,13.66,0,24.23,3房2廳2衛,4,0,False,,[],122,False,False,https://sinyi.in/o/ZB06430GH/0/3,0,2,,1,False,False,893,,,3房2廳2衛,False,False,金門縣,Kinmen-county,1,https://www.sinyi.com.tw/buy/list/Kinmen-county/default-desc/1
,XS118010HB,金大優質美地B,24.422919,118.327596,['https://img.hbhousing.com.tw/pictures/A588/A588XS118010a.jpg'],https://img.hbhousing.com.tw/pictures/A588/A588XS118010a.jpg,,,,,0,金門縣金寧鄉寧湖三劃段,--,['I'],['I'],0,1200,0.0,302.5,0,-1.0,,0,0,False,,[],14,False,False,https://sinyi.in/o/XS118010HB/0/3,0,2,,3,False,False,892,,,,False,False,金門縣,Kinmen-county,1,https://www.sinyi.com.tw/buy/list/Kinmen-county/default-desc/1
,ZS195056HB,金大側邊湖南農地,24.422919,118.327596,['https://img.hbhousing.com.tw/pictures/A588/A588ZS195056a.jpg'],https://img.hbhousing.com.tw/pictures/A588/A588ZS195056a.jpg,,,,,0,金門縣金寧鄉寧湖三劃段,--,['I'],['I'],0,850,0.0,302.5,0,-1.0,,0,0,False,,[],7,False,False,https://sinyi.in/o/ZS195056HB/0/3,0,2,,3,False,False,892,,,,False,False,金門縣,Kinmen-county,1,https://www.sinyi.com.tw/buy/list/Kinmen-county/default-desc/1
,XS118002HB,金大優質美地A,24.422919,118.327596,['https://img.hbhousing.com.tw/pictures/A588/A588XS118002a.jpg'],https://img.hbhousing.com.tw/pictures/A588/A588XS118002a.jpg,,,,,0,金門縣金寧鄉寧湖三劃,--,['I'],['I'],0,998,0.0,302.5,0,-1.0,,0,0,False,,[],7,False,False,https://sinyi.in/o/XS118002HB/0/3,0,2,,3,False,False,892,,,,False,False,金門縣,Kinmen-county,1,https://www.sinyi.com.tw/buy/list/Kinmen-county/default-desc/1
,ZS195336HB,赤岑段農地,24.422919,118.327596,['https://img.hbhousing.com.tw/pictures/A588/A588ZS195336a.jpg'],https://img.hbhousing.com.tw/pictures/A588/A588ZS195336a.jpg,,,,,0,金門縣金寧鄉赤岑段,--,['I'],['I'],0,120,0.0,232.08,0,-1.0,,0,0,False,,[],29,False,False,https://sinyi.in/o/ZS195336HB/0/3,0,2,,3,False,False,892,,,,False,False,金門縣,Kinmen-county,1,https://www.sinyi.com.tw/buy/list/Kinmen-county/default-desc/1
,ZS199547HB,金信優質電梯公寓,24.434598,118.319536,['https://img.hbhousing.com.tw/pictures/A588/A588ZS199547a.jpg'],https://img.hbhousing.com.tw/pictures/A588/A588ZS199547a.jpg,,,,,0,金門縣金城鎮民生路,25.8年,['M'],['M'],0,968,30.34,0.0,1,24.23,3房1廳2衛,10,0,False,,[],61,False,False,https://sinyi.in/o/ZS199547HB/0/3,0,2,,1,False,False,893,,,3房1廳2衛,False,False,金門縣,Kinmen-county,1,https://www.sinyi.com.tw/buy/list/Kinmen-county/default-desc/1
,XS107291HB,金寧東洲建地,24.422919,118.327596,['https://img.hbhousing.com.tw/pictures/A588/A588XS107291a.jpg'],https://img.hbhousing.com.tw/pictures/A588/A588XS107291a.jpg,,,,,0,金門縣金寧鄉東州,--,['I'],['I'],0,568,0.0,42.96,0,-1.0,,0,0,False,,[],26,False,False,https://sinyi.in/o/XS107291HB/0/3,0,2,,3,False,False,892,,,,False,False,金門縣,Kinmen-county,1,https://www.sinyi.com.tw/buy/list/Kinmen-county/default-desc/1
,YS123280HB,湖前透天,24.446417,118.417835,['https://img.hbhousing.com.tw/pictures/A588/A588YS123280a.jpg'],https://img.hbhousing.com.tw/pictures/A588/A588YS123280a.jpg,,,,,0,金門縣金湖鎮前段,10.4年,['D'],['D'],0,1380,43.55,20.72,1,43.55,4房3廳4衛,1-3,0,False,,[],52,False,False,https://sinyi.in/o/YS123280HB/0/3,0,2,,1,False,False,891,,,4房3廳4衛,False,False,金門縣,Kinmen-county,1,https://www.sinyi.com.tw/buy/list/Kinmen-county/default-desc/1
,XS128206HB,金閣會館兩房公寓,24.4388715215,118.41076836,['https://img.hbhousing.com.tw/pictures/A588/A588XS128206a.jpg'],https://img.hbhousing.com.tw/pictures/A588/A588XS128206a.jpg,,,,,0,金門縣金湖鎮市港三路,10.5年,['M'],['M'],0,598,18.53,3.41,1,11.58,2房1廳1衛,4,0,False,,[],46,False,False,https://sinyi.in/o/XS128206HB/0/3,0,2,,1,False,False,891,,,2房1廳1衛,False,False,金門縣,Kinmen-county,1,https://www.sinyi.com.tw/buy/list/Kinmen-county/default-desc/1
,ZS200085HB,嚨口村莊旁美農地,24.4565774,118.3058515,['https://img.hbhousing.com.tw/pictures/A588/A588ZS200085a.jpg'],https://img.hbhousing.com.tw/pictures/A588/A588ZS200085a.jpg,,,,,0,金門縣金寧鄉西堡劃測段,--,['I'],['I'],0,230,0.0,151.26,0,-1.0,,0,0,False,,[],15,False,False,https://sinyi.in/o/ZS200085HB/0/3,0,2,,3,False,False,892,,,,False,False,金門縣,Kinmen-county,1,https://www.sinyi.com.tw/buy/list/Kinmen-county/default-desc/1
,ZS202301HB,獨家古寧頭假日農夫A,24.486342432223,118.3139326687,['https://img.hbhousing.com.tw/pictures/A782/A782ZS202301a.jpg'],https://img.hbhousing.com.tw/pictures/A782/A782ZS202301a.jpg,,,,,0,金門縣金寧鄉北山,--,['I'],['I'],0,134,0.0,124.63,0,-1.0,,0,0,False,,[],0,False,False,https://sinyi.in/o/ZS202301HB/0/3,0,2,,3,False,False,892,,,,False,False,金門縣,Kinmen-county,2,https://www.sinyi.com.tw/buy/list/Kinmen-county/default-desc/2
,RS87791HB,金湖鎮市港重劃區顯目角店,24.436122834098,118.40984038897,['https://img.hbhousing.com.tw/pictures/C317/C317RS87791a.jpg'],https://img.hbhousing.com.tw/pictures/C317/C317RS87791a.jpg,,,,,0,金門縣金湖鎮市港路,24.7年,['E'],['E'],0,4380,126.06,59.01,1,121.34,,1-3,3,False,,[],15,False,False,https://sinyi.in/o/RS87791HB/0/3,0,2,,1,False,False,891,,,,False,False,金門縣,Kinmen-county,2,https://www.sinyi.com.tw/buy/list/Kinmen-county/default-desc/2
,XS109705HB,金城學區透天,24.4315,118.315,['https://img.hbhousing.com.tw/pictures/A588/A588XS109705a.jpg'],https://img.hbhousing.com.tw/pictures/A588/A588XS109705a.jpg,,,,,0,金門縣金城鎮珠浦南路,3.4年,['D'],['D'],0,860,29.66,12.4,0,29.66,2房2廳3衛,1-3,0,False,,[],83,False,False,https://sinyi.in/o/XS109705HB/0/3,0,2,,1,False,False,893,,,2房2廳3衛,False,False,金門縣,Kinmen-county,2,https://www.sinyi.com.tw/buy/list/Kinmen-county/default-desc/2
,ZS193193HB,小西門絕美三房公寓,24.4136175987,118.326686679,['https://img.hbhousing.com.tw/pictures/A588/A588ZS193193a.jpg'],https://img.hbhousing.com.tw/pictures/A588/A588ZS193193a.jpg,,,,,0,金門縣金城鎮庵前劃測,14.8年,['A'],['A'],0,798,31.88,14.03,1,28.57,3房2廳2衛,4,0,False,,[],40,False,False,https://sinyi.in/o/ZS193193HB/0/3,0,2,,1,False,False,893,,,3房2廳2衛,False,False,金門縣,Kinmen-county,2,https://www.sinyi.com.tw/buy/list/Kinmen-county/default-desc/2
,ZS194965HB,金寧酒廠大路邊農地,24.422919,118.327596,['https://img.hbhousing.com.tw/pictures/A588/A588ZS194965a.jpg'],https://img.hbhousing.com.tw/pictures/A588/A588ZS194965a.jpg,,,,,0,金門縣金寧鄉機場段,--,['I'],['I'],0,930,0.0,355.41,0,-1.0,,0,0,False,,[],3,False,False,https://sinyi.in/o/ZS194965HB/0/3,0,2,,3,False,False,892,,,,False,False,金門縣,Kinmen-county,2,https://www.sinyi.com.tw/buy/list/Kinmen-county/default-desc/2
,YS123910HB,金沙農建地,24.495761,118.425276,['https://img.hbhousing.com.tw/pictures/A588/A588YS123910a.jpg'],https://img.hbhousing.com.tw/pictures/A588/A588YS123910a.jpg,,,,,0,金門縣金沙鎮沙田劃,--,['I'],['I'],0,898,0.0,100.73,0,-1.0,,0,0,False,,[],16,False,False,https://sinyi.in/o/YS123910HB/0/3,0,2,,3,False,False,890,,,,False,False,金門縣,Kinmen-county,2,https://www.sinyi.com.tw/buy/list/Kinmen-county/default-desc/2
,YS106297HB,前水頭雙拼透天,24.413037,118.296747,['https://img.hbhousing.com.tw/pictures/A588/A588YS106297a.jpg'],https://img.hbhousing.com.tw/pictures/A588/A588YS106297a.jpg,,,,,0,金門縣金城鎮前水頭,10.4年,['D'],['D'],0,2280,71.33,39.42,1,64.58,11房11衛,1-3,0,False,,[],50,False,False,https://sinyi.in/o/YS106297HB/0/3,0,2,,1,False,False,893,,,11房11衛,False,False,金門縣,Kinmen-county,2,https://www.sinyi.com.tw/buy/list/Kinmen-county/default-desc/2
,YS93070HB,金湖重劃區金店面,24.438872,118.410768,['https://img.hbhousing.com.tw/pictures/A588/A588YS93070a.jpg'],https://img.hbhousing.com.tw/pictures/A588/A588YS93070a.jpg,,,,,0,金門縣金湖鎮市港三路,10.5年,['M'],['M'],0,3220,98.02,15.2,1,54.68,1廳1衛,1,8,False,,[],18,False,False,https://sinyi.in/o/YS93070HB/0/3,0,2,,1,False,False,891,,,1廳1衛,False,False,金門縣,Kinmen-county,2,https://www.sinyi.com.tw/buy/list/Kinmen-county/default-desc/2
,ZS201115HB,金湖工業區廠房,24.439047421725,118.41637650763,['https://img.hbhousing.com.tw/pictures/A588/A588ZS201115a.jpg'],https://img.hbhousing.com.tw/pictures/A588/A588ZS201115a.jpg,,,,,0,金門縣金湖鎮國順街,25.5年,['G'],['G'],0,4500,188.81,49.54,1,188.81,,1-6,0,False,,[],12,False,False,https://sinyi.in/o/ZS201115HB/0/3,0,2,,1,False,False,891,,,,False,False,金門縣,Kinmen-county,2,https://www.sinyi.com.tw/buy/list/Kinmen-county/default-desc/2
,ZS199803HB,東洲桃園路透天店面,24.4316014915,118.331259687,['https://img.hbhousing.com.tw/pictures/A588/A588ZS199803a.jpg'],https://img.hbhousing.com.tw/pictures/A588/A588ZS199803a.jpg,,,,,0,金門縣金寧鄉桃園路,9.9年,['E'],['E'],0,2280,52.67,26.96,1,51.56,4房2廳5衛,1-3,0,False,,[],5,False,False,https://sinyi.in/o/ZS199803HB/0/3,0,2,,1,False,False,892,,,4房2廳5衛,False,False,金門縣,Kinmen-county,2,https://www.sinyi.com.tw/buy/list/Kinmen-county/default-desc/2
,ZS200634HB,金城富康透天,24.437994964489,118.32099632522,['https://img.hbhousing.com.tw/pictures/A588/A588ZS200634a.jpg'],https://img.hbhousing.com.tw/pictures/A588/A588ZS200634a.jpg,,,,,0,金門縣金城鎮富康一村７巷,26.3年,['D'],['D'],0,1450,58.94,22.22,1,58.94,4房2廳3衛,1-4,0,False,,[],57,False,False,https://sinyi.in/o/ZS200634HB/0/3,0,2,,1,False,False,893,,,4房2廳3衛,False,False,金門縣,Kinmen-county,2,https://www.sinyi.com.tw/buy/list/Kinmen-county/default-desc/2
,XS126205HB,城區景觀商辦B,24.4355303666,118.318999336,['https://img.hbhousing.com.tw/pictures/A588/A588XS126205a.jpg'],https://img.hbhousing.com.tw/pictures/A588/A588XS126205a.jpg,,,,,0,金門縣金城鎮民生路,28.9年,['M'],['M'],0,1800,60.38,6.31,1,45.83,1房1廳1衛,10,11,False,,[],19,False,False,https://sinyi.in/o/XS126205HB/0/3,0,2,,1,False,False,893,,,1房1廳1衛,False,False,金門縣,Kinmen-county,2,https://www.sinyi.com.tw/buy/list/Kinmen-county/default-desc/2
,XS129633HB,金寧昔果山農建地,24.422919,118.327596,['https://img.hbhousing.com.tw/pictures/A588/A588XS129633a.jpg'],https://img.hbhousing.com.tw/pictures/A588/A588XS129633a.jpg,,,,,0,金門縣金寧鄉昔果山,--,['I'],['I'],0,1950,0.0,387.07,0,-1.0,,0,0,False,,[],9,False,False,https://sinyi.in/o/XS129633HB/0/3,0,2,,3,False,False,892,,,,False,False,金門縣,Kinmen-county,2,https://www.sinyi.com.tw/buy/list/Kinmen-county/default-desc/2
,FS200450HB,H46金門大地坪透天,24.4513839959,118.353306852,['https://img.hbhousing.com.tw/pictures/D545/D545FS200450a.jpg'],https://img.hbhousing.com.tw/pictures/D545/D545FS200450a.jpg,,,,,0,金門縣金寧鄉后盤山,8.5年,['D'],['D'],0,1880,88.82,63.45,0,88.82,5房2廳6衛,1-3,3,True,['6'],[],18,False,False,https://sinyi.in/o/FS200450HB/0/3,0,2,,1,False,False,892,,,5房2廳6衛,False,False,金門縣,Kinmen-county,2,https://www.sinyi.com.tw/buy/list/Kinmen-county/default-desc/2
,ZS191992HB,金寧全新智能透天,24.4257,118.329,['https://img.hbhousing.com.tw/pictures/A588/A588ZS191992a.jpg'],https://img.hbhousing.com.tw/pictures/A588/A588ZS191992a.jpg,,,,,0,金門縣金寧鄉下后垵,1.5年,['D'],['D'],0,1680,57.91,27.69,1,57.91,5房2廳5衛,1-3,0,False,,[],36,False,False,https://sinyi.in/o/ZS191992HB/0/3,0,2,,1,False,False,892,,,5房2廳5衛,False,False,金門縣,Kinmen-county,2,https://www.sinyi.com.tw/buy/list/Kinmen-county/default-desc/2
,ZS198774HB,湖下全新海景透天,24.4602027391,118.309267366,['https://img.hbhousing.com.tw/pictures/A588/A588ZS198774a.jpg'],https://img.hbhousing.com.tw/pictures/A588/A588ZS198774a.jpg,,,,,0,金門縣金寧鄉寧湖二劃測,0.8年,['D'],['D'],0,1450,62.86,0.0,0,51.56,5房1廳6衛,1-3,0,True,['6'],[],33,False,False,https://sinyi.in/o/ZS198774HB/0/3,0,2,,1,False,False,892,,,5房1廳6衛,False,False,金門縣,Kinmen-county,2,https://www.sinyi.com.tw/buy/list/Kinmen-county/default-desc/2
,ZS198793HB,鳳翔全新北歐風電梯公寓,24.4393784,118.3148351,['https://img.hbhousing.com.tw/pictures/A588/A588ZS198793a.jpg'],https://img.hbhousing.com.tw/pictures/A588/A588ZS198793a.jpg,,,,,0,金門縣金城鎮珠浦西路,1.2年,['A'],['A'],0,1046,31.7,0.0,1,23.56,3房1廳2衛,3,0,False,,[],19,False,False,https://sinyi.in/o/ZS198793HB/0/3,0,2,,1,False,False,893,,,3房1廳2衛,False,False,金門縣,Kinmen-county,2,https://www.sinyi.com.tw/buy/list/Kinmen-county/default-desc/2
,YS118748HB,高陽路大農地,24.495761,118.425276,['https://img.hbhousing.com.tw/pictures/A588/A588YS118748a.jpg'],https://img.hbhousing.com.tw/pictures/A588/A588YS118748a.jpg,,,,,0,金門縣金沙鎮沙溪一劃,--,['I'],['I'],0,1100,0.0,448.3,0,-1.0,,0,0,False,,[],8,False,False,https://sinyi.in/o/YS118748HB/0/3,0,2,,3,False,False,890,,,,False,False,金門縣,Kinmen-county,2,https://www.sinyi.com.tw/buy/list/Kinmen-county/default-desc/2
,ZS192472HB,金沙全新海景透天,24.4638088777,118.386764988,['https://img.hbhousing.com.tw/pictures/A588/A588ZS192472a.jpg'],https://img.hbhousing.com.tw/pictures/A588/A588ZS192472a.jpg,,,,,0,金門縣金沙鎮中蘭,1.5年,['D'],['D'],0,1220,58.73,31.85,1,55.13,6房2廳5衛,1-3,0,False,,[],48,False,False,https://sinyi.in/o/ZS192472HB/0/3,0,2,,1,False,False,890,,,6房2廳5衛,False,False,金門縣,Kinmen-county,2,https://www.sinyi.com.tw/buy/list/Kinmen-county/default-desc/2
,ZS201046HB,金寧西山重劃區農地,24.450959,118.334875,['https://img.hbhousing.com.tw/pictures/A588/A588ZS201046a.jpg'],https://img.hbhousing.com.tw/pictures/A588/A588ZS201046a.jpg,,,,,0,金門縣金寧鄉西山,--,['I'],['I'],0,698,0.0,353.89,0,-1.0,,0,0,False,,[],7,False,False,https://sinyi.in/o/ZS201046HB/0/3,0,2,,3,False,False,892,,,,False,False,金門縣,Kinmen-county,2,https://www.sinyi.com.tw/buy/list/Kinmen-county/default-desc/2
,ZB07205GH,金門近市區大坪數透天,24.4565774,118.3058515,['https://img.great-home.com.tw/pictures/H168/H168ZB07205a.jpg'],https://img.great-home.com.tw/pictures/H168/H168ZB07205a.jpg,,,,,0,金門縣金寧鄉安岐,0.3年,['D'],['D'],0,1280,54.7,24.38,0,51.85,4房3廳5衛,1-3,0,False,,[],12,False,False,https://sinyi.in/o/ZB07205GH/0/3,0,2,,1,False,False,892,,,4房3廳5衛,False,False,金門縣,Kinmen-county,3,https://www.sinyi.com.tw/buy/list/Kinmen-county/default-desc/3
,ZS193127HB,金城烏土段大農地,24.4156,118.311,['https://img.hbhousing.com.tw/pictures/A588/A588ZS193127a.jpg'],https://img.hbhousing.com.tw/pictures/A588/A588ZS193127a.jpg,,,,,0,金門縣金城鎮烏土段,--,['I'],['I'],0,3880,0.0,811.09,0,-1.0,,0,0,False,,[],9,False,False,https://sinyi.in/o/ZS193127HB/0/3,0,2,,3,False,False,893,,,,False,False,金門縣,Kinmen-county,3,https://www.sinyi.com.tw/buy/list/Kinmen-county/default-desc/3
,ZB06429GH,金門海景公寓,24.4033549,118.3080523,['https://img.great-home.com.tw/pictures/H168/H168ZB06429a.jpg'],https://img.great-home.com.tw/pictures/H168/H168ZB06429a.jpg,,,,,0,金門縣金城鎮金門城,1.4年,['M'],['M'],0,938,40.0,16.9,0,40.0,4房2廳3衛,3,0,False,,[],46,False,False,https://sinyi.in/o/ZB06429GH/0/3,0,2,,1,False,False,893,,,4房2廳3衛,False,False,金門縣,Kinmen-county,3,https://www.sinyi.com.tw/buy/list/Kinmen-county/default-desc/3
,ZS196402HB,斗門臨路建地,24.473765,118.401718,['https://img.hbhousing.com.tw/pictures/A588/A588ZS196402a.jpg'],https://img.hbhousing.com.tw/pictures/A588/A588ZS196402a.jpg,,,,,0,金門縣金沙鎮斗門劃測段,--,['I'],['I'],0,650,0.0,143.39,0,-1.0,,0,0,False,,[],16,False,False,https://sinyi.in/o/ZS196402HB/0/3,0,2,,3,False,False,890,,,,False,False,金門縣,Kinmen-county,3,https://www.sinyi.com.tw/buy/list/Kinmen-county/default-desc/3
,ZS201888HB,金大學區下堡套房,24.447746208492,118.33648011578,['https://img.hbhousing.com.tw/pictures/A588/A588ZS201888a.jpg'],https://img.hbhousing.com.tw/pictures/A588/A588ZS201888a.jpg,,,,,0,金門縣金寧鄉北二三劃測,11.6年,['A'],['A'],0,238,7.47,4.24,1,6.47,1房1衛,3,0,False,,[],31,False,False,https://sinyi.in/o/ZS201888HB/0/3,0,2,,1,False,False,892,,,1房1衛,False,False,金門縣,Kinmen-county,3,https://www.sinyi.com.tw/buy/list/Kinmen-county/default-desc/3
,ZS201974HB,沙美一樓公寓,24.487728991185,118.41272857822,['https://img.hbhousing.com.tw/pictures/A588/A588ZS201974a.jpg'],https://img.hbhousing.com.tw/pictures/A588/A588ZS201974a.jpg,,,,,0,金門縣金沙鎮汶沙測,10.6年,['A'],['A'],0,650,27.32,25.56,0,25.46,3房2廳2衛,1,0,False,,[],3,False,False,https://sinyi.in/o/ZS201974HB/0/3,0,2,,1,False,False,890,,,3房2廳2衛,False,False,金門縣,Kinmen-county,3,https://www.sinyi.com.tw/buy/list/Kinmen-county/default-desc/3
,ZS202311HB,獨家古寧頭假日農夫C,24.486342432223,118.3139326687,['https://img.hbhousing.com.tw/pictures/A782/A782ZS202311a.jpg'],https://img.hbhousing.com.tw/pictures/A782/A782ZS202311a.jpg,,,,,0,金門縣金寧鄉北山,--,['I'],['I'],0,163,0.0,151.25,0,-1.0,,0,0,False,,[],0,False,False,https://sinyi.in/o/ZS202311HB/0/3,0,2,,3,False,False,892,,,,False,False,金門縣,Kinmen-county,3,https://www.sinyi.com.tw/buy/list/Kinmen-county/default-desc/3
,XS126589HB,金湖重劃區金店面B,24.4388335189,118.410816861,['https://img.hbhousing.com.tw/pictures/A588/A588XS126589a.jpg'],https://img.hbhousing.com.tw/pictures/A588/A588XS126589a.jpg,,,,,0,金門縣金湖鎮市港三路,10.5年,['E'],['E'],0,2315,74.32,11.92,1,40.32,1廳1衛,1,0,False,,[],1,False,False,https://sinyi.in/o/XS126589HB/0/3,0,2,,1,False,False,891,,,1廳1衛,False,False,金門縣,Kinmen-county,3,https://www.sinyi.com.tw/buy/list/Kinmen-county/default-desc/3
,ZB07204GH,金門近市區大坪數透天,24.4565774,118.3058515,['https://img.great-home.com.tw/pictures/H168/H168ZB07204a.jpg'],https://img.great-home.com.tw/pictures/H168/H168ZB07204a.jpg,,,,,0,金門縣金寧鄉安岐,0.3年,['D'],['D'],0,1280,54.7,24.22,0,51.85,4房3廳5衛,1-3,0,False,,[],10,False,False,https://sinyi.in/o/ZB07204GH/0/3,0,2,,1,False,False,892,,,4房3廳5衛,False,False,金門縣,Kinmen-county,3,https://www.sinyi.com.tw/buy/list/Kinmen-county/default-desc/3
,XS126203HB,城區景觀商辦A,24.4355303666,118.318999336,['https://img.hbhousing.com.tw/pictures/A588/A588XS126203a.jpg'],https://img.hbhousing.com.tw/pictures/A588/A588XS126203a.jpg,,,,,0,金門縣金城鎮民生路,28.9年,['L'],['L'],0,1800,59.61,6.34,1,45.83,1房1廳1衛,9,11,False,,[],17,False,False,https://sinyi.in/o/XS126203HB/0/3,0,2,,1,False,False,893,,,1房1廳1衛,False,False,金門縣,Kinmen-county,3,https://www.sinyi.com.tw/buy/list/Kinmen-county/default-desc/3
,YS98170HB,小徑玲瓏透天厝,24.448929,118.38454,['https://img.hbhousing.com.tw/pictures/A588/A588YS98170a.jpg'],https://img.hbhousing.com.tw/pictures/A588/A588YS98170a.jpg,,,,,0,金門縣金湖鎮小徑,45.4年,['D'],['D'],0,668,26.42,13.61,1,26.42,3房2廳3衛,1-2,2,False,,[],55,False,False,https://sinyi.in/o/YS98170HB/0/3,0,2,,1,False,False,891,,,3房2廳3衛,False,False,金門縣,Kinmen-county,3,https://www.sinyi.com.tw/buy/list/Kinmen-county/default-desc/3
,ZS196487HB,西浦頭三房公寓,24.464589003,118.317229281,['https://img.hbhousing.com.tw/pictures/A588/A588ZS196487a.jpg'],https://img.hbhousing.com.tw/pictures/A588/A588ZS196487a.jpg,,,,,0,金門縣金寧鄉安西劃,11.1年,['A'],['A'],0,580,24.08,15.7,1,20.51,3房2廳2衛,3,0,False,,[],64,False,False,https://sinyi.in/o/ZS196487HB/0/3,0,2,,1,False,False,892,,,3房2廳2衛,False,False,金門縣,Kinmen-county,3,https://www.sinyi.com.tw/buy/list/Kinmen-county/default-desc/3
,S2218761PA,金寧鄉伯玉路農地B,24.44406,118.34786,['https://hq.houseol.com.tw/images/pictures/1425AK5312391c.jpg'],https://hq.houseol.com.tw/images/pictures/1425AK5312391c.jpg,,,,,0,金門縣金寧鄉中三劃測段,--,['I'],['I'],0,1180,0.0,217.82,0,-1.0,,0,0,False,,[],4,False,False,https://sinyi.in/o/S2218761PA/0/3,0,2,,3,False,False,892,,,,False,False,金門縣,Kinmen-county,3,https://www.sinyi.com.tw/buy/list/Kinmen-county/default-desc/3
,ZS193235HB,環西大路邊臨路農地,24.422919,118.327596,['https://img.hbhousing.com.tw/pictures/A588/A588ZS193235a.jpg'],https://img.hbhousing.com.tw/pictures/A588/A588ZS193235a.jpg,,,,,0,金門縣金寧鄉煙墩段,--,['I'],['I'],0,800,0.0,397.94,0,-1.0,,0,0,False,,[],2,False,False,https://sinyi.in/o/ZS193235HB/0/3,0,2,,3,False,False,892,,,,False,False,金門縣,Kinmen-county,3,https://www.sinyi.com.tw/buy/list/Kinmen-county/default-desc/3
,ZS195332HB,夏墅臨路美農地,24.415577,118.311187,['https://img.hbhousing.com.tw/pictures/A588/A588ZS195332a.jpg'],https://img.hbhousing.com.tw/pictures/A588/A588ZS195332a.jpg,,,,,0,金門縣金城鎮延平段,--,['I'],['I'],0,960,0.0,273.39,0,-1.0,,0,0,False,,[],2,False,False,https://sinyi.in/o/ZS195332HB/0/3,0,2,,3,False,False,893,,,,False,False,金門縣,Kinmen-county,3,https://www.sinyi.com.tw/buy/list/Kinmen-county/default-desc/3
,ZS199837HB,賢厝配地,24.423976,118.318501,['https://img.hbhousing.com.tw/pictures/A588/A588ZS199837a.jpg'],https://img.hbhousing.com.tw/pictures/A588/A588ZS199837a.jpg,,,,,0,金門縣金城鎮賢厝段,--,['I'],['I'],0,80,0.0,172.73,0,-1.0,,0,0,False,,[],20,False,False,https://sinyi.in/o/ZS199837HB/0/3,0,2,,3,False,False,893,,,,False,False,金門縣,Kinmen-county,3,https://www.sinyi.com.tw/buy/list/Kinmen-county/default-desc/3
,2077993CT,珠浦南路2房公寓,24.43192,118.315204,['https://media.cthouse.com.tw/photo//project2/house_photo/202601/2077993-1_new.jpg'],https://media.cthouse.com.tw/photo//project2/house_photo/202601/2077993-1_new.jpg,,,,,0,金門縣金城鎮珠浦南路,2.3年,['A'],['A'],0,940,29.39,44.14,1,15.27,2房1廳1衛,5,6,False,,[],28,False,False,https://sinyi.in/o/2077993CT/0/3,0,2,,1,False,False,893,,,2房1廳1衛,False,False,金門縣,Kinmen-county,3,https://www.sinyi.com.tw/buy/list/Kinmen-county/default-desc/3
,ZS196439HB,金沙財神公園旁臨路農地,24.521391,118.420097,['https://img.hbhousing.com.tw/pictures/A588/A588ZS196439a.jpg'],https://img.hbhousing.com.tw/pictures/A588/A588ZS196439a.jpg,,,,,0,金門縣金沙鎮沙港劃段,--,['I'],['I'],0,598,0.0,302.52,0,-1.0,,0,0,False,,[],0,False,False,https://sinyi.in/o/ZS196439HB/0/3,0,2,,3,False,False,890,,,,False,False,金門縣,Kinmen-county,3,https://www.sinyi.com.tw/buy/list/Kinmen-county/default-desc/3
,ZS196441HB,金沙沙青路旁臨路農地,24.521391,118.420097,['https://img.hbhousing.com.tw/pictures/A588/A588ZS196441a.jpg'],https://img.hbhousing.com.tw/pictures/A588/A588ZS196441a.jpg,,,,,0,金門縣金沙鎮沙港劃段,--,['I'],['I'],0,598,0.0,302.52,0,-1.0,,0,0,False,,[],2,False,False,https://sinyi.in/o/ZS196441HB/0/3,0,2,,3,False,False,890,,,,False,False,金門縣,Kinmen-county,3,https://www.sinyi.com.tw/buy/list/Kinmen-county/default-desc/3
,XS114193HB,后盤山農地A,24.422919,118.327596,['https://img.hbhousing.com.tw/pictures/A588/A588XS114193a.jpg'],https://img.hbhousing.com.tw/pictures/A588/A588XS114193a.jpg,,,,,0,金門縣金寧鄉后盤山,--,['I'],['I'],0,200,0.0,187.07,0,-1.0,,0,0,False,,[],9,False,False,https://sinyi.in/o/XS114193HB/0/3,0,2,,3,False,False,892,,,,False,False,金門縣,Kinmen-county,3,https://www.sinyi.com.tw/buy/list/Kinmen-county/default-desc/3
,ZS200359HB,金寧三房美寓,24.4276848515,118.350388095,['https://img.hbhousing.com.tw/pictures/A588/A588ZS200359a.jpg'],https://img.hbhousing.com.tw/pictures/A588/A588ZS200359a.jpg,,,,,0,金門縣金寧鄉昔果山測,10.6年,['A'],['A'],0,758,34.62,0.0,1,29.46,3房1廳2衛,2,0,False,,[],18,False,False,https://sinyi.in/o/ZS200359HB/0/3,0,2,,1,False,False,892,,,3房1廳2衛,False,False,金門縣,Kinmen-county,4,https://www.sinyi.com.tw/buy/list/Kinmen-county/default-desc/4
,ZS202386HB,湖下校區電梯透天,24.4580428,118.3054517,['https://img.hbhousing.com.tw/pictures/A588/A588ZS202386a.jpg'],https://img.hbhousing.com.tw/pictures/A588/A588ZS202386a.jpg,,,,,0,金門縣金寧鄉寧湖二劃測,0.3年,['D'],['D'],0,2088,87.4,0.0,1,83.24,7房1廳5衛,1-5,0,False,,[],3,False,False,https://sinyi.in/o/ZS202386HB/0/3,0,2,,1,False,False,892,,,7房1廳5衛,False,False,金門縣,Kinmen-county,4,https://www.sinyi.com.tw/buy/list/Kinmen-county/default-desc/4
,XS103983HB,北山播音站農地,24.422919,118.327596,['https://img.hbhousing.com.tw/pictures/A588/A588XS103983a.jpg'],https://img.hbhousing.com.tw/pictures/A588/A588XS103983a.jpg,,,,,0,金門縣金寧鄉寧古劃,--,['I'],['I'],0,150,0.0,151.25,0,-1.0,,0,0,False,,[],5,False,False,https://sinyi.in/o/XS103983HB/0/3,0,2,,3,False,False,892,,,,False,False,金門縣,Kinmen-county,4,https://www.sinyi.com.tw/buy/list/Kinmen-county/default-desc/4
,ZS194267HB,料羅臨路配地,24.446417,118.417835,['https://img.hbhousing.com.tw/pictures/A588/A588ZS194267a.jpg'],https://img.hbhousing.com.tw/pictures/A588/A588ZS194267a.jpg,,,,,0,金門縣金湖鎮料羅段,--,['I'],['I'],0,118,0.0,147.57,0,-1.0,,0,0,False,,[],3,False,False,https://sinyi.in/o/ZS194267HB/0/3,0,2,,3,False,False,891,,,,False,False,金門縣,Kinmen-county,4,https://www.sinyi.com.tw/buy/list/Kinmen-county/default-desc/4
,ZS196406HB,金沙高陽斗門段農地A,24.472994,118.416736,['https://img.hbhousing.com.tw/pictures/A588/A588ZS196406a.jpg'],https://img.hbhousing.com.tw/pictures/A588/A588ZS196406a.jpg,,,,,0,金門縣金沙鎮蔡厝劃測段,--,['I'],['I'],0,480,0.0,251.08,0,-1.0,,0,0,False,,[],3,False,False,https://sinyi.in/o/ZS196406HB/0/3,0,2,,3,False,False,890,,,,False,False,金門縣,Kinmen-county,4,https://www.sinyi.com.tw/buy/list/Kinmen-county/default-desc/4
,ZS198694HB,金沙斗門臨路美地,24.473765,118.401718,['https://img.hbhousing.com.tw/pictures/A588/A588ZS198694a.jpg'],https://img.hbhousing.com.tw/pictures/A588/A588ZS198694a.jpg,,,,,0,金門縣金沙鎮斗門劃測段,--,['I'],['I'],0,298,0.0,151.31,0,-1.0,,0,0,False,,[],3,False,False,https://sinyi.in/o/ZS198694HB/0/3,0,2,,3,False,False,890,,,,False,False,金門縣,Kinmen-county,4,https://www.sinyi.com.tw/buy/list/Kinmen-county/default-desc/4
,ZS202316HB,獨家古寧頭假日農夫D,24.479035322561,118.30524314815,['https://img.hbhousing.com.tw/pictures/A782/A782ZS202316a.jpg'],https://img.hbhousing.com.tw/pictures/A782/A782ZS202316a.jpg,,,,,0,金門縣金寧鄉南山,--,['I'],['I'],0,73,0.0,174.51,0,-1.0,,0,0,False,,[],0,False,False,https://sinyi.in/o/ZS202316HB/0/3,0,2,,3,False,False,892,,,,False,False,金門縣,Kinmen-county,4,https://www.sinyi.com.tw/buy/list/Kinmen-county/default-desc/4
,YS123128HB,莒光路稀有透天,24.4334748776,118.316578091,['https://img.hbhousing.com.tw/pictures/A588/A588YS123128a.jpg'],https://img.hbhousing.com.tw/pictures/A588/A588YS123128a.jpg,,,,,0,金門縣金城鎮莒光路,20.2年,['D'],['D'],0,1660,50.09,17.07,1,50.09,4房2廳5衛,1-3,3,False,,[],52,False,False,https://sinyi.in/o/YS123128HB/0/3,0,2,,1,False,False,893,,,4房2廳5衛,False,False,金門縣,Kinmen-county,4,https://www.sinyi.com.tw/buy/list/Kinmen-county/default-desc/4
,ZS191274HB,金城民族透天店面,24.4304,118.319,['https://img.hbhousing.com.tw/pictures/A588/A588ZS191274a.jpg'],https://img.hbhousing.com.tw/pictures/A588/A588ZS191274a.jpg,,,,,0,金門縣金城鎮民族路,50.5年,['D'],['D'],0,1280,23.84,13.62,0,23.27,4房2廳2衛,1-2,0,False,,[],27,False,False,https://sinyi.in/o/ZS191274HB/0/3,0,2,,1,False,False,893,,,4房2廳2衛,False,False,金門縣,Kinmen-county,4,https://www.sinyi.com.tw/buy/list/Kinmen-county/default-desc/4
,ZS191727HB,金寧三角窗大建地,24.4229,118.328,['https://img.hbhousing.com.tw/pictures/A588/A588ZS191727a.jpg'],https://img.hbhousing.com.tw/pictures/A588/A588ZS191727a.jpg,,,,,0,金門縣金寧鄉昔果山,--,['I'],['I'],0,3150,0.0,310.08,0,-1.0,,0,0,False,,[],7,False,False,https://sinyi.in/o/ZS191727HB/0/3,0,2,,3,False,False,892,,,,False,False,金門縣,Kinmen-county,4,https://www.sinyi.com.tw/buy/list/Kinmen-county/default-desc/4
,ZS192878HB,小金門海景農地,24.4322,118.239,['https://img.hbhousing.com.tw/pictures/A588/A588ZS192878a.jpg'],https://img.hbhousing.com.tw/pictures/A588/A588ZS192878a.jpg,,,,,0,金門縣烈嶼鄉楊厝測,--,['I'],['I'],0,98,0.0,101.67,0,-1.0,,0,0,False,,[],17,False,False,https://sinyi.in/o/ZS192878HB/0/3,0,2,,3,False,False,894,,,,False,False,金門縣,Kinmen-county,4,https://www.sinyi.com.tw/buy/list/Kinmen-county/default-desc/4
,ZS202278HB,金沙官澳透天,24.5174703,118.4115251,['https://img.hbhousing.com.tw/pictures/A588/A588ZS202278a.jpg'],https://img.hbhousing.com.tw/pictures/A588/A588ZS202278a.jpg,,,,,0,金門縣金沙鎮官澳,0.6年,['D'],['D'],0,1150,54.63,0.0,1,54.63,5房2廳4衛,1-4,0,False,,[],4,False,False,https://sinyi.in/o/ZS202278HB/0/3,0,2,,1,False,False,890,,,5房2廳4衛,False,False,金門縣,Kinmen-county,4,https://www.sinyi.com.tw/buy/list/Kinmen-county/default-desc/4
,ZS202336HB,金沙沙青路大馬路邊美農地,24.517044,118.41394,['https://img.hbhousing.com.tw/pictures/A588/A588ZS202336a.jpg'],https://img.hbhousing.com.tw/pictures/A588/A588ZS202336a.jpg,,,,,0,金門縣金沙鎮北九劃段,--,['I'],['I'],0,1880,0.0,605.0,0,-1.0,,0,0,False,,[],1,False,False,https://sinyi.in/o/ZS202336HB/0/3,0,2,,3,False,False,890,,,,False,False,金門縣,Kinmen-county,4,https://www.sinyi.com.tw/buy/list/Kinmen-county/default-desc/4
,GS151166HB,專-金門酒店式精品渡假景觀宅寓,24.438449,118.41288,['https://img.hbhousing.com.tw/pictures/D423/D423GS151166a.jpg'],https://img.hbhousing.com.tw/pictures/D423/D423GS151166a.jpg,,,,,0,金門縣金湖鎮市港五路,6.2年,['M'],['M'],0,788,16.74,2.37,0,10.99,1房1廳1衛,10,10,False,,[],18,False,False,https://sinyi.in/o/GS151166HB/0/3,0,2,,1,False,False,891,,,1房1廳1衛,False,False,金門縣,Kinmen-county,4,https://www.sinyi.com.tw/buy/list/Kinmen-county/default-desc/4
,S2212643PA,金城鎮西海路透天厝,24.4226076,118.3124569,['https://hq.houseol.com.tw/images/pictures/1425AA6229202h.jpg'],https://hq.houseol.com.tw/images/pictures/1425AA6229202h.jpg,,,,,0,金門縣金城鎮西海路三段,10.8年,['D'],['D'],0,1700,48.4,30.86,0,46.89,4房1廳5衛,0,3,False,,[],15,False,False,https://sinyi.in/o/S2212643PA/0/3,0,2,,1,False,False,893,,,4房1廳5衛,False,False,金門縣,Kinmen-county,4,https://www.sinyi.com.tw/buy/list/Kinmen-county/default-desc/4
,ZS193207HB,金沙大馬路臨路農地,24.4958,118.425,['https://img.hbhousing.com.tw/pictures/A588/A588ZS193207a.jpg'],https://img.hbhousing.com.tw/pictures/A588/A588ZS193207a.jpg,,,,,0,金門縣金沙鎮北九十劃段,--,['I'],['I'],0,588,0.0,200.25,0,-1.0,,0,0,False,,[],0,False,False,https://sinyi.in/o/ZS193207HB/0/3,0,2,,3,False,False,890,,,,False,False,金門縣,Kinmen-county,4,https://www.sinyi.com.tw/buy/list/Kinmen-county/default-desc/4
,QS48095HB,專-金門臨路方正農地,24.432173,118.41981,['https://img.hbhousing.com.tw/pictures/A825/A825QS48095a.jpg'],https://img.hbhousing.com.tw/pictures/A825/A825QS48095a.jpg,,,,,0,金門縣金湖鎮新頭段,--,['I'],['I'],0,650,0.0,138.81,0,-1.0,,0,0,False,,[],0,False,False,https://sinyi.in/o/QS48095HB/0/3,0,2,,3,False,False,891,,,,False,False,金門縣,Kinmen-county,4,https://www.sinyi.com.tw/buy/list/Kinmen-county/default-desc/4
,S2395199PA,環島東路農地出售,24.481889,118.423056,['https://hq.houseol.com.tw/images/pictures/1425AK5323610c.jpg'],https://hq.houseol.com.tw/images/pictures/1425AK5323610c.jpg,,,,,0,金門縣金沙鎮沙溪一劃段,--,['I'],['I'],0,680,0.0,298.47,0,-1.0,,0,0,False,,[],5,False,False,https://sinyi.in/o/S2395199PA/0/3,0,2,,3,False,False,890,,,,False,False,金門縣,Kinmen-county,4,https://www.sinyi.com.tw/buy/list/Kinmen-county/default-desc/4
,2072206CT,💥專任💥賢庵國小旁三房公寓,24.417437,118.314456,['https://media.cthouse.com.tw/photo//project2/house_photo/202511/2072206-1_new.jpg'],https://media.cthouse.com.tw/photo//project2/house_photo/202511/2072206-1_new.jpg,,,,,0,金門縣金城鎮賢庵里7鄰山前路,11.4年,['A'],['A'],0,760,28.24,19.5,1,23.51,3房2廳2衛,3,3,False,,[],17,False,False,https://sinyi.in/o/2072206CT/0/3,0,2,,1,False,False,893,,,3房2廳2衛,False,False,金門縣,Kinmen-county,4,https://www.sinyi.com.tw/buy/list/Kinmen-county/default-desc/4
,2086368CT,大面積美農地,24.462473,118.324572,['https://media.cthouse.com.tw/photo//project2/house_photo/202601/2086368-1_new.jpg'],https://media.cthouse.com.tw/photo//project2/house_photo/202601/2086368-1_new.jpg,,,,,0,金門縣金寧鄉頂林路,--,['I'],['I'],0,1380,0.0,342.66,0,-1.0,,0,0,False,,[],4,False,False,https://sinyi.in/o/2086368CT/0/3,0,2,,3,False,False,892,,,,False,False,金門縣,Kinmen-county,4,https://www.sinyi.com.tw/buy/list/Kinmen-county/default-desc/4
,XS128774HB,金寧安岐臨路農地,24.422919,118.327596,['https://img.hbhousing.com.tw/pictures/A588/A588XS128774a.jpg'],https://img.hbhousing.com.tw/pictures/A588/A588XS128774a.jpg,,,,,0,金門縣金寧鄉安岐,--,['I'],['I'],0,350,0.0,302.5,0,-1.0,,0,0,False,,[],2,False,False,https://sinyi.in/o/XS128774HB/0/3,0,2,,3,False,False,892,,,,False,False,金門縣,Kinmen-county,5,https://www.sinyi.com.tw/buy/list/Kinmen-county/default-desc/5
,CS160549HB,金門金寧華廈店面,24.4630226048,118.32794123,['https://img.hbhousing.com.tw/pictures/B273/B273CS160549a.jpg'],https://img.hbhousing.com.tw/pictures/B273/B273CS160549a.jpg,,,,,0,金門縣金寧鄉寧安四劃,11.0年,['M'],['M'],0,988,26.79,15.4,1,25.26,3房1廳2衛,1,3,False,,[],10,False,False,https://sinyi.in/o/CS160549HB/0/3,0,2,,1,False,False,892,,,3房1廳2衛,False,False,金門縣,Kinmen-county,5,https://www.sinyi.com.tw/buy/list/Kinmen-county/default-desc/5
,GS135757HB,烈嶼北環道181坪都計農地,24.4487,118.2546,['https://img.hbhousing.com.tw/pictures/D366/D366GS135757a.jpg'],https://img.hbhousing.com.tw/pictures/D366/D366GS135757a.jpg,,,,,0,金門縣烈嶼鄉烈濱劃測段,--,['I'],['I'],0,398,0.0,181.49,0,-1.0,,0,0,False,,[],6,False,False,https://sinyi.in/o/GS135757HB/0/3,0,2,,3,False,False,894,,,,False,False,金門縣,Kinmen-county,5,https://www.sinyi.com.tw/buy/list/Kinmen-county/default-desc/5
,ZB06258GH,金湖建地,24.446417,118.417835,['https://img.great-home.com.tw/pictures/H168/H168ZB06258a.jpg'],https://img.great-home.com.tw/pictures/H168/H168ZB06258a.jpg,,,,,0,金門縣金湖鎮庵邊段,--,['I'],['I'],0,458,0.0,58.83,0,-1.0,,0,0,False,,[],4,False,False,https://sinyi.in/o/ZB06258GH/0/3,0,2,,3,False,False,891,,,,False,False,金門縣,Kinmen-county,5,https://www.sinyi.com.tw/buy/list/Kinmen-county/default-desc/5
,ZS190944HB,下埔下2樓大公寓,24.422919,118.327596,['https://img.hbhousing.com.tw/pictures/A588/A588ZS190944a.jpg'],https://img.hbhousing.com.tw/pictures/A588/A588ZS190944a.jpg,,,,,0,金門縣金寧鄉下埔下,14.9年,['A'],['A'],0,1068,39.84,23.01,1,37.67,4房2廳2衛,2,0,False,,[],10,False,False,https://sinyi.in/o/ZS190944HB/0/3,0,2,,1,False,False,892,,,4房2廳2衛,False,False,金門縣,Kinmen-county,5,https://www.sinyi.com.tw/buy/list/Kinmen-county/default-desc/5
,ZB07206GH,金門近市區大坪數透天,24.462990456751,118.32497179575,['https://img.great-home.com.tw/pictures/H168/H168ZB07206a.jpg'],https://img.great-home.com.tw/pictures/H168/H168ZB07206a.jpg,,,,,0,金門縣金寧鄉安岐,0.3年,['D'],['D'],0,1280,54.7,23.01,0,51.85,4房3廳5衛,1-3,0,False,,[],6,False,False,https://sinyi.in/o/ZB07206GH/0/3,0,2,,1,False,False,892,,,4房3廳5衛,False,False,金門縣,Kinmen-county,5,https://www.sinyi.com.tw/buy/list/Kinmen-county/default-desc/5
,RS90179HB,金湖鎮市港重劃區醒目角店*,24.436122834098,118.40984038897,['https://img.hbhousing.com.tw/pictures/C317/C317RS90179a.jpg'],https://img.hbhousing.com.tw/pictures/C317/C317RS90179a.jpg,,,,,0,金門縣金湖鎮市港路,24.7年,['E'],['E'],0,4380,126.06,59.01,1,121.34,,1-3,3,False,,[],1,False,False,https://sinyi.in/o/RS90179HB/0/3,0,2,,1,False,False,891,,,,False,False,金門縣,Kinmen-county,5,https://www.sinyi.com.tw/buy/list/Kinmen-county/default-desc/5
,GS135743HB,烈嶼蓮湖209坪都計農地,24.44914,118.25069,['https://img.hbhousing.com.tw/pictures/D366/D366GS135743a.jpg'],https://img.hbhousing.com.tw/pictures/D366/D366GS135743a.jpg,,,,,0,金門縣烈嶼鄉烈濱劃測段,--,['I'],['I'],0,468,0.0,209.93,0,-1.0,,0,0,False,,[],3,False,False,https://sinyi.in/o/GS135743HB/0/3,0,2,,3,False,False,894,,,,False,False,金門縣,Kinmen-county,5,https://www.sinyi.com.tw/buy/list/Kinmen-county/default-desc/5
,XS113075HB,金門大橋旁美農地,24.432188,118.239129,['https://img.hbhousing.com.tw/pictures/A588/A588XS113075a.jpg'],https://img.hbhousing.com.tw/pictures/A588/A588XS113075a.jpg,,,,,0,金門縣烈嶼鄉烈濱畫測,--,['I'],['I'],0,395,0.0,233.23,0,-1.0,,0,0,False,,[],4,False,False,https://sinyi.in/o/XS113075HB/0/3,0,2,,3,False,False,894,,,,False,False,金門縣,Kinmen-county,5,https://www.sinyi.com.tw/buy/list/Kinmen-county/default-desc/5
,XS129631HB,金寧昔果山土地,24.422919,118.327596,['https://img.hbhousing.com.tw/pictures/A588/A588XS129631a.jpg'],https://img.hbhousing.com.tw/pictures/A588/A588XS129631a.jpg,,,,,0,金門縣金寧鄉機場段,--,['I'],['I'],0,189,0.0,153.72,0,-1.0,,0,0,False,,[],4,False,False,https://sinyi.in/o/XS129631HB/0/3,0,2,,3,False,False,892,,,,False,False,金門縣,Kinmen-county,5,https://www.sinyi.com.tw/buy/list/Kinmen-county/default-desc/5
,YS120683HB,榜林名城旁農地,24.422919,118.327596,['https://img.hbhousing.com.tw/pictures/A588/A588YS120683a.jpg'],https://img.hbhousing.com.tw/pictures/A588/A588YS120683a.jpg,,,,,0,金門縣金寧鄉寧山段,--,['I'],['I'],0,690,0.0,315.41,0,-1.0,,0,0,False,,[],9,False,False,https://sinyi.in/o/YS120683HB/0/3,0,2,,3,False,False,892,,,,False,False,金門縣,Kinmen-county,5,https://www.sinyi.com.tw/buy/list/Kinmen-county/default-desc/5
,ZS199107HB,西堡兩房公寓,24.4609172133,118.336359048,['https://img.hbhousing.com.tw/pictures/A588/A588ZS199107a.jpg'],https://img.hbhousing.com.tw/pictures/A588/A588ZS199107a.jpg,,,,,0,金門縣金寧鄉寧安二劃,10.3年,['A'],['A'],0,546,22.37,10.67,1,19.65,2房1廳1衛,3,0,False,,[],30,False,False,https://sinyi.in/o/ZS199107HB/0/3,0,2,,1,False,False,892,,,2房1廳1衛,False,False,金門縣,Kinmen-county,5,https://www.sinyi.com.tw/buy/list/Kinmen-county/default-desc/5
,ZB07225GH,金門望海大坪數透天,24.427765176547,118.25811129287,['https://img.great-home.com.tw/pictures/H168/H168ZB07225a.jpg'],https://img.great-home.com.tw/pictures/H168/H168ZB07225a.jpg,,,,,0,金門縣烈嶼鄉湖下,0.3年,['D'],['D'],0,1530,64.87,33.58,0,58.2,5房2廳6衛,1-3,0,False,,[],23,False,False,https://sinyi.in/o/ZB07225GH/0/3,0,2,,1,False,False,894,,,5房2廳6衛,False,False,金門縣,Kinmen-county,5,https://www.sinyi.com.tw/buy/list/Kinmen-county/default-desc/5
,OB20678GH,上岐國小附近建地,24.415495,118.228492,['https://img.great-home.com.tw/pictures/H207/H207OB20678a.jpg'],https://img.great-home.com.tw/pictures/H207/H207OB20678a.jpg,,,,,0,金門縣烈嶼鄉青岐段,--,['I'],['I'],0,688,0.0,171.52,0,-1.0,,0,0,False,,[],2,False,False,https://sinyi.in/o/OB20678GH/0/3,0,2,,3,False,False,894,,,,False,False,金門縣,Kinmen-county,5,https://www.sinyi.com.tw/buy/list/Kinmen-county/default-desc/5
,XS109579HB,金城學區四房公寓,24.4341,118.317,['https://img.hbhousing.com.tw/pictures/A588/A588XS109579a.jpg'],https://img.hbhousing.com.tw/pictures/A588/A588XS109579a.jpg,,,,,0,金門縣金城鎮莒光路,17.4年,['A'],['A'],0,960,19.69,8.86,1,18.25,4房2廳3衛,3,0,False,,[],22,False,False,https://sinyi.in/o/XS109579HB/0/3,0,2,,1,False,False,893,,,4房2廳3衛,False,False,金門縣,Kinmen-county,5,https://www.sinyi.com.tw/buy/list/Kinmen-county/default-desc/5
,XB07663GH,金湖中五劃美地,24.453353095841,118.37339748081,['https://img.great-home.com.tw/pictures/H168/H168XB07663a.jpg'],https://img.great-home.com.tw/pictures/H168/H168XB07663a.jpg,,,,,0,金門縣金湖鎮瓊林,--,['I'],['I'],0,270,0.0,67.76,0,-1.0,,0,0,False,,[],8,False,False,https://sinyi.in/o/XB07663GH/0/3,0,2,,3,False,False,891,,,,False,False,金門縣,Kinmen-county,5,https://www.sinyi.com.tw/buy/list/Kinmen-county/default-desc/5
,ZB07224GH,金門望海大坪數透天,24.42805,118.257697,['https://img.great-home.com.tw/pictures/H168/H168ZB07224a.jpg'],https://img.great-home.com.tw/pictures/H168/H168ZB07224a.jpg,,,,,0,金門縣烈嶼鄉湖下,0.3年,['D'],['D'],0,1530,64.95,33.58,0,58.28,5房2廳6衛,1-3,0,False,,[],1,False,False,https://sinyi.in/o/ZB07224GH/0/3,0,2,,1,False,False,894,,,5房2廳6衛,False,False,金門縣,Kinmen-county,5,https://www.sinyi.com.tw/buy/list/Kinmen-county/default-desc/5
,ZS202199HB,后盤山村旁美農地,24.450713,118.352993,['https://img.hbhousing.com.tw/pictures/A588/A588ZS202199a.jpg'],https://img.hbhousing.com.tw/pictures/A588/A588ZS202199a.jpg,,,,,0,金門縣金寧鄉后盤山段,--,['I'],['I'],0,198,0.0,291.03,0,-1.0,,0,0,False,,[],0,False,False,https://sinyi.in/o/ZS202199HB/0/3,0,2,,3,False,False,892,,,,False,False,金門縣,Kinmen-county,5,https://www.sinyi.com.tw/buy/list/Kinmen-county/default-desc/5
,XS123164HB,金沙榮湖旁農地,24.495761,118.425276,['https://img.hbhousing.com.tw/pictures/A588/A588XS123164a.jpg'],https://img.hbhousing.com.tw/pictures/A588/A588XS123164a.jpg,,,,,0,金門縣金沙鎮榮湖段,--,['I'],['I'],0,128,0.0,129.54,0,-1.0,,0,0,False,,[],6,False,False,https://sinyi.in/o/XS123164HB/0/3,0,2,,3,False,False,890,,,,False,False,金門縣,Kinmen-county,5,https://www.sinyi.com.tw/buy/list/Kinmen-county/default-desc/5
,XS127140HB,頂堡投資型四套房公寓,24.4476285142,118.3365622,['https://img.hbhousing.com.tw/pictures/A588/A588XS127140a.jpg'],https://img.hbhousing.com.tw/pictures/A588/A588XS127140a.jpg,,,,,0,金門縣金寧鄉北二三劃測,12.5年,['A'],['A'],0,998,49.43,17.4,1,31.56,4房4衛,3,0,False,,[],25,False,False,https://sinyi.in/o/XS127140HB/0/3,0,2,,1,False,False,892,,,4房4衛,False,False,金門縣,Kinmen-county,5,https://www.sinyi.com.tw/buy/list/Kinmen-county/default-desc/5
,ZS193452HB,后壟臨路精美農地,24.446417,118.417835,['https://img.hbhousing.com.tw/pictures/A588/A588ZS193452a.jpg'],https://img.hbhousing.com.tw/pictures/A588/A588ZS193452a.jpg,,,,,0,金門縣金湖鎮后壟,--,['I'],['I'],0,288,0.0,170.68,0,-1.0,,0,0,False,,[],3,False,False,https://sinyi.in/o/ZS193452HB/0/3,0,2,,3,False,False,891,,,,False,False,金門縣,Kinmen-county,6,https://www.sinyi.com.tw/buy/list/Kinmen-county/default-desc/6
,ZS201624HB,湖下四房電梯公寓,24.453077,118.306455,['https://img.hbhousing.com.tw/pictures/A588/A588ZS201624a.jpg'],https://img.hbhousing.com.tw/pictures/A588/A588ZS201624a.jpg,,,,,0,金門縣金寧鄉湖峰路,2.7年,['M'],['M'],0,1500,50.89,0.0,1,35.44,4房1廳2衛,7,0,False,,[],6,False,False,https://sinyi.in/o/ZS201624HB/0/3,0,2,,1,False,False,892,,,4房1廳2衛,False,False,金門縣,Kinmen-county,6,https://www.sinyi.com.tw/buy/list/Kinmen-county/default-desc/6
,YS119676HB,沙美透天,24.495761,118.425276,['https://img.hbhousing.com.tw/pictures/A588/A588YS119676a.jpg'],https://img.hbhousing.com.tw/pictures/A588/A588YS119676a.jpg,,,,,0,金門縣金沙鎮汶沙測段,41.0年,['D'],['D'],0,780,46.88,14.28,0,46.88,5房3廳3衛,1-2,0,False,,[],29,False,False,https://sinyi.in/o/YS119676HB/0/3,0,2,,1,False,False,890,,,5房3廳3衛,False,False,金門縣,Kinmen-county,6,https://www.sinyi.com.tw/buy/list/Kinmen-county/default-desc/6
,ZS198965HB,金城工業區土地及農地,24.4320647,118.3155101,['https://img.hbhousing.com.tw/pictures/A588/A588ZS198965a.jpg'],https://img.hbhousing.com.tw/pictures/A588/A588ZS198965a.jpg,,,,,0,金門縣金城鎮中一段,--,['I'],['I'],0,2080,0.0,258.54,0,-1.0,,0,0,False,,[],6,False,False,https://sinyi.in/o/ZS198965HB/0/3,0,2,,3,False,False,893,,,,False,False,金門縣,Kinmen-county,6,https://www.sinyi.com.tw/buy/list/Kinmen-county/default-desc/6
,ZS201509HB,后盤山林內大農地,24.450713,118.352993,['https://img.hbhousing.com.tw/pictures/A588/A588ZS201509a.jpg'],https://img.hbhousing.com.tw/pictures/A588/A588ZS201509a.jpg,,,,,0,金門縣金寧鄉后盤山段,--,['I'],['I'],0,230,0.0,470.84,0,-1.0,,0,0,False,,[],1,False,False,https://sinyi.in/o/ZS201509HB/0/3,0,2,,3,False,False,892,,,,False,False,金門縣,Kinmen-county,6,https://www.sinyi.com.tw/buy/list/Kinmen-county/default-desc/6
,ZS201803HB,金湖飯店式管理套房,24.438449,118.41288,['https://img.hbhousing.com.tw/pictures/A588/A588ZS201803a.jpg'],https://img.hbhousing.com.tw/pictures/A588/A588ZS201803a.jpg,,,,,0,金門縣金湖鎮市港五路,6.2年,['K'],['K'],0,436,17.01,2.39,0,9.95,1房1衛,4,0,False,,[],3,False,False,https://sinyi.in/o/ZS201803HB/0/3,0,2,,1,False,False,891,,,1房1衛,False,False,金門縣,Kinmen-county,6,https://www.sinyi.com.tw/buy/list/Kinmen-county/default-desc/6
,ZS202363HB,金湖小資套房,24.440082182461,118.39442633466,['https://img.hbhousing.com.tw/pictures/A588/A588ZS202363a.jpg'],https://img.hbhousing.com.tw/pictures/A588/A588ZS202363a.jpg,,,,,0,金門縣金湖鎮夏興,26.8年,['A'],['A'],0,198,12.02,0.0,0,9.52,1房1衛,3,0,False,,[],22,False,False,https://sinyi.in/o/ZS202363HB/0/3,0,2,,1,False,False,891,,,1房1衛,False,False,金門縣,Kinmen-county,6,https://www.sinyi.com.tw/buy/list/Kinmen-county/default-desc/6
,YS135473HB,瓊安路臨路農地,24.422919,118.327596,['https://img.hbhousing.com.tw/pictures/A588/A588YS135473a.jpg'],https://img.hbhousing.com.tw/pictures/A588/A588YS135473a.jpg,,,,,0,金門縣金寧鄉寧湖三劃,--,['I'],['I'],0,880,0.0,292.09,0,-1.0,,0,0,False,,[],0,False,False,https://sinyi.in/o/YS135473HB/0/3,0,2,,3,False,False,892,,,,False,False,金門縣,Kinmen-county,6,https://www.sinyi.com.tw/buy/list/Kinmen-county/default-desc/6
,ZS193613HB,溪邊精美配地,24.446417,118.417835,['https://img.hbhousing.com.tw/pictures/A588/A588ZS193613a.jpg'],https://img.hbhousing.com.tw/pictures/A588/A588ZS193613a.jpg,,,,,0,金門縣金湖鎮峰上段,--,['I'],['I'],0,32,0.0,65.49,0,-1.0,,0,0,False,,[],5,False,False,https://sinyi.in/o/ZS193613HB/0/3,0,2,,3,False,False,891,,,,False,False,金門縣,Kinmen-county,6,https://www.sinyi.com.tw/buy/list/Kinmen-county/default-desc/6
,ZS195341HB,赤岑段美農地,24.422919,118.327596,['https://img.hbhousing.com.tw/pictures/A588/A588ZS195341a.jpg'],https://img.hbhousing.com.tw/pictures/A588/A588ZS195341a.jpg,,,,,0,金門縣金寧鄉赤岑段,--,['I'],['I'],0,200,0.0,174.4,0,-1.0,,0,0,False,,[],1,False,False,https://sinyi.in/o/ZS195341HB/0/3,0,2,,3,False,False,892,,,,False,False,金門縣,Kinmen-county,6,https://www.sinyi.com.tw/buy/list/Kinmen-county/default-desc/6
,2108702CT,金沙鎮｜光華路第一排優質農地,24.493714,118.429485,['https://media.cthouse.com.tw/photo//project2/house_photo/202605/2108702-1_new.jpg'],https://media.cthouse.com.tw/photo//project2/house_photo/202605/2108702-1_new.jpg,,,,,0,金門縣金沙鎮光華路0段,--,['I'],['I'],0,638,0.0,248.05,0,-1.0,,0,0,False,,[],0,False,False,https://sinyi.in/o/2108702CT/0/3,0,2,,3,False,False,890,,,,False,False,金門縣,Kinmen-county,6,https://www.sinyi.com.tw/buy/list/Kinmen-county/default-desc/6
,YS113419HB,頂堡樓中樓電梯公寓,24.4464500868,118.341751912,['https://img.hbhousing.com.tw/pictures/A588/A588YS113419a.jpg'],https://img.hbhousing.com.tw/pictures/A588/A588YS113419a.jpg,,,,,0,金門縣金寧鄉頂堡,11.0年,['A'],['A'],0,858,29.41,15.59,1,26.7,2房2廳2衛,3,3,False,,[],21,False,False,https://sinyi.in/o/YS113419HB/0/3,0,2,,1,False,False,892,,,2房2廳2衛,False,False,金門縣,Kinmen-county,6,https://www.sinyi.com.tw/buy/list/Kinmen-county/default-desc/6
,ZS200697HB,夏墅觀海美農地B,24.432643,118.320612,['https://img.hbhousing.com.tw/pictures/A588/A588ZS200697a.jpg'],https://img.hbhousing.com.tw/pictures/A588/A588ZS200697a.jpg,,,,,0,金門縣金城鎮延平段,--,['I'],['I'],0,1298,0.0,297.88,0,-1.0,,0,0,False,,[],3,False,False,https://sinyi.in/o/ZS200697HB/0/3,0,2,,3,False,False,893,,,,False,False,金門縣,Kinmen-county,6,https://www.sinyi.com.tw/buy/list/Kinmen-county/default-desc/6
,XS128022HB,伯玉路五房美寓,24.440559271,118.33522529,['https://img.hbhousing.com.tw/pictures/A588/A588XS128022a.jpg'],https://img.hbhousing.com.tw/pictures/A588/A588XS128022a.jpg,,,,,0,金門縣金寧鄉伯玉路二段,30.1年,['A'],['A'],0,960,50.27,20.22,1,46.13,5房1廳3衛,1,0,False,,[],9,False,False,https://sinyi.in/o/XS128022HB/0/3,0,2,,1,False,False,892,,,5房1廳3衛,False,False,金門縣,Kinmen-county,6,https://www.sinyi.com.tw/buy/list/Kinmen-county/default-desc/6
,ZS196024HB,西浦頭方正農地,24.450959,118.334875,['https://img.hbhousing.com.tw/pictures/A588/A588ZS196024a.jpg'],https://img.hbhousing.com.tw/pictures/A588/A588ZS196024a.jpg,,,,,0,金門縣金寧鄉煙墩段,--,['I'],['I'],0,230,0.0,231.19,0,-1.0,,0,0,False,,[],1,False,False,https://sinyi.in/o/ZS196024HB/0/3,0,2,,3,False,False,892,,,,False,False,金門縣,Kinmen-county,6,https://www.sinyi.com.tw/buy/list/Kinmen-county/default-desc/6
,ZS193637HB,溪邊環東美地C,24.446417,118.417835,['https://img.hbhousing.com.tw/pictures/A588/A588ZS193637a.jpg'],https://img.hbhousing.com.tw/pictures/A588/A588ZS193637a.jpg,,,,,0,金門縣金湖鎮太湖劃測段,--,['I'],['I'],0,88,0.0,118.99,0,-1.0,,0,0,False,,[],0,False,False,https://sinyi.in/o/ZS193637HB/0/3,0,2,,3,False,False,891,,,,False,False,金門縣,Kinmen-county,6,https://www.sinyi.com.tw/buy/list/Kinmen-county/default-desc/6
,WS66492HB,金門-金城鎮建地,24.420415,118.322021,['https://img.hbhousing.com.tw/pictures/A819/A819WS66492a.jpg'],https://img.hbhousing.com.tw/pictures/A819/A819WS66492a.jpg,,,,,0,金門縣金城鎮舊金城段,--,['I'],['I'],0,2942,0.0,216.29,0,-1.0,,0,0,False,,[],0,False,False,https://sinyi.in/o/WS66492HB/0/3,0,2,,3,False,False,893,,,,False,False,金門縣,Kinmen-county,6,https://www.sinyi.com.tw/buy/list/Kinmen-county/default-desc/6
,ZS202182HB,金山路方正農地,24.44847,118.324665,['https://img.hbhousing.com.tw/pictures/A588/A588ZS202182a.jpg'],https://img.hbhousing.com.tw/pictures/A588/A588ZS202182a.jpg,,,,,0,金門縣金寧鄉后垵段,--,['I'],['I'],0,238,0.0,197.55,0,-1.0,,0,0,False,,[],0,False,False,https://sinyi.in/o/ZS202182HB/0/3,0,2,,3,False,False,892,,,,False,False,金門縣,Kinmen-county,6,https://www.sinyi.com.tw/buy/list/Kinmen-county/default-desc/6
,XS126047HB,金門城優質公寓A,24.4014,118.302,['https://img.hbhousing.com.tw/pictures/A588/A588XS126047a.jpg'],https://img.hbhousing.com.tw/pictures/A588/A588XS126047a.jpg,,,,,0,金門縣金城鎮古塔,8.3年,['K'],['K'],0,620,25.2,10.44,1,20.35,2房1廳2衛,5,0,False,,[],0,False,False,https://sinyi.in/o/XS126047HB/0/3,0,2,,1,False,False,893,,,2房1廳2衛,False,False,金門縣,Kinmen-county,6,https://www.sinyi.com.tw/buy/list/Kinmen-county/default-desc/6
,ZS193117HB,金城山前優質裡地,24.4156,118.311,['https://img.hbhousing.com.tw/pictures/A588/A588ZS193117a.jpg'],https://img.hbhousing.com.tw/pictures/A588/A588ZS193117a.jpg,,,,,0,金門縣金城鎮山前段,--,['I'],['I'],0,116,0.0,142.18,0,-1.0,,0,0,False,,[],5,False,False,https://sinyi.in/o/ZS193117HB/0/3,0,2,,3,False,False,893,,,,False,False,金門縣,Kinmen-county,6,https://www.sinyi.com.tw/buy/list/Kinmen-county/default-desc/6
,XS109500HB,後豐港觀海公寓,24.4188093773,118.307078977,['https://img.hbhousing.com.tw/pictures/A588/A588XS109500a.jpg'],https://img.hbhousing.com.tw/pictures/A588/A588XS109500a.jpg,,,,,0,金門縣金城鎮西海路三段,31.1年,['I'],['I'],0,600,0.0,16.68,0,26.65,3房1廳2衛,3,0,False,,[],12,False,False,https://sinyi.in/o/XS109500HB/0/3,0,2,,3,False,False,893,,,3房1廳2衛,False,False,金門縣,Kinmen-county,7,https://www.sinyi.com.tw/buy/list/Kinmen-county/default-desc/7
,YS91747HB,龍門優質農地,24.43343251,118.3172157,['https://img.hbhousing.com.tw/pictures/A588/A588YS91747a.jpg'],https://img.hbhousing.com.tw/pictures/A588/A588YS91747a.jpg,,,,,0,金門縣金城鎮金城鎮,--,['I'],['I'],0,1580,0.0,298.27,0,-1.0,,0,0,False,,[],3,False,False,https://sinyi.in/o/YS91747HB/0/3,0,2,,3,False,False,893,,,,False,False,金門縣,Kinmen-county,7,https://www.sinyi.com.tw/buy/list/Kinmen-county/default-desc/7
,ZS200337HB,金門伯玉路重劃農地,24.440959008539,118.41538352071,['https://img.hbhousing.com.tw/pictures/A588/A588ZS200337a.jpg'],https://img.hbhousing.com.tw/pictures/A588/A588ZS200337a.jpg,,,,,0,金門縣金湖鎮中五劃段,--,['I'],['I'],0,2580,0.0,484.0,0,-1.0,,0,0,False,,[],4,False,False,https://sinyi.in/o/ZS200337HB/0/3,0,2,,3,False,False,891,,,,False,False,金門縣,Kinmen-county,7,https://www.sinyi.com.tw/buy/list/Kinmen-county/default-desc/7
,ZS202376HB,湖下校區三房電梯公寓,24.4580428,118.3054517,['https://img.hbhousing.com.tw/pictures/A588/A588ZS202376a.jpg'],https://img.hbhousing.com.tw/pictures/A588/A588ZS202376a.jpg,,,,,0,金門縣金寧鄉寧湖二劃測,0.3年,['M'],['M'],0,900,34.84,0.0,0,24.67,3房1廳2衛,2,0,False,,[],2,False,False,https://sinyi.in/o/ZS202376HB/0/3,0,2,,1,False,False,892,,,3房1廳2衛,False,False,金門縣,Kinmen-county,7,https://www.sinyi.com.tw/buy/list/Kinmen-county/default-desc/7
,YS118472HB,鎮西美農地,24.415577,118.311187,['https://img.hbhousing.com.tw/pictures/A588/A588YS118472a.jpg'],https://img.hbhousing.com.tw/pictures/A588/A588YS118472a.jpg,,,,,0,金門縣金城鎮鎮西,--,['I'],['I'],0,1280,0.0,403.17,0,-1.0,,0,0,False,,[],2,False,False,https://sinyi.in/o/YS118472HB/0/3,0,2,,3,False,False,893,,,,False,False,金門縣,Kinmen-county,7,https://www.sinyi.com.tw/buy/list/Kinmen-county/default-desc/7
,2032624CT,獨家銷售金門縣烈嶼鄉公所旁建地,24.432188,118.239129,['https://media.cthouse.com.tw/photo//project2/house_photo/202506/2032624-1b.png'],https://media.cthouse.com.tw/photo//project2/house_photo/202506/2032624-1b.png,,,,,0,金門縣烈嶼鄉烈新段,--,['I'],['I'],0,1328,0.0,94.41,0,-1.0,,0,0,False,,[],23,False,False,https://sinyi.in/o/2032624CT/0/3,0,2,,3,False,False,894,,,,False,False,金門縣,Kinmen-county,7,https://www.sinyi.com.tw/buy/list/Kinmen-county/default-desc/7
,2047793CT,金湖塔后段【共有土地】,24.437671,118.408139,['https://media.cthouse.com.tw/photo//project2/house_photo/202508/2047793-1_new.jpg'],https://media.cthouse.com.tw/photo//project2/house_photo/202508/2047793-1_new.jpg,,,,,0,金門縣金湖鎮塔后段,--,['I'],['I'],0,46,0.0,5.53,0,-1.0,,0,0,False,,[],11,False,False,https://sinyi.in/o/2047793CT/0/3,0,2,,3,False,False,891,,,,False,False,金門縣,Kinmen-county,7,https://www.sinyi.com.tw/buy/list/Kinmen-county/default-desc/7
,YS90106HB,后湖建地2,24.45088311,118.33298178,['https://img.hbhousing.com.tw/pictures/A588/A588YS90106a.jpg'],https://img.hbhousing.com.tw/pictures/A588/A588YS90106a.jpg,,,,,0,金門縣金寧鄉金寧鄉,--,['I'],['I'],0,520,0.0,100.88,0,-1.0,,0,0,False,,[],15,False,False,https://sinyi.in/o/YS90106HB/0/3,0,2,,3,False,False,892,,,,False,False,金門縣,Kinmen-county,7,https://www.sinyi.com.tw/buy/list/Kinmen-county/default-desc/7
,ZB05881GH,烈嶼鄉土地,24.433517,118.239079,['https://img.great-home.com.tw/pictures/H168/H168ZB05881a.jpg'],https://img.great-home.com.tw/pictures/H168/H168ZB05881a.jpg,,,,,0,金門縣烈嶼鄉西方劃測段,--,['I'],['I'],0,649,0.0,131.05,0,-1.0,,0,0,False,,[],2,False,False,https://sinyi.in/o/ZB05881GH/0/3,0,2,,3,False,False,894,,,,False,False,金門縣,Kinmen-county,7,https://www.sinyi.com.tw/buy/list/Kinmen-county/default-desc/7
,ZS199754HB,金城龍門透天厝,24.431896,118.323325,['https://img.hbhousing.com.tw/pictures/A588/A588ZS199754a.jpg'],https://img.hbhousing.com.tw/pictures/A588/A588ZS199754a.jpg,,,,,0,金門縣金城鎮伯玉路一段,30.8年,['D'],['D'],0,1398,33.38,16.7,0,33.38,4房2廳2衛,1-3,0,False,,[],19,False,False,https://sinyi.in/o/ZS199754HB/0/3,0,2,,1,False,False,893,,,4房2廳2衛,False,False,金門縣,Kinmen-county,7,https://www.sinyi.com.tw/buy/list/Kinmen-county/default-desc/7
,YS128703HB,金湖前埔建地,24.446417,118.417835,['https://img.hbhousing.com.tw/pictures/A588/A588YS128703a.jpg'],https://img.hbhousing.com.tw/pictures/A588/A588YS128703a.jpg,,,,,0,金門縣金湖鎮士校,--,['I'],['I'],0,1200,0.0,205.4,0,-1.0,,0,0,False,,[],4,False,False,https://sinyi.in/o/YS128703HB/0/3,0,2,,3,False,False,891,,,,False,False,金門縣,Kinmen-county,7,https://www.sinyi.com.tw/buy/list/Kinmen-county/default-desc/7
,ZS191867HB,金寧昔果山臨路建地,24.4229,118.328,['https://img.hbhousing.com.tw/pictures/A588/A588ZS191867a.jpg'],https://img.hbhousing.com.tw/pictures/A588/A588ZS191867a.jpg,,,,,0,金門縣金寧鄉昔果山,--,['I'],['I'],0,2250,0.0,252.27,0,-1.0,,0,0,False,,[],4,False,False,https://sinyi.in/o/ZS191867HB/0/3,0,2,,3,False,False,892,,,,False,False,金門縣,Kinmen-county,7,https://www.sinyi.com.tw/buy/list/Kinmen-county/default-desc/7
,ZS201132HB,金城賢庵國小旁大路邊美地,24.417437,118.314456,['https://img.hbhousing.com.tw/pictures/A588/A588ZS201132a.jpg'],https://img.hbhousing.com.tw/pictures/A588/A588ZS201132a.jpg,,,,,0,金門縣金城鎮山前段,--,['I'],['I'],0,3800,0.0,965.98,0,-1.0,,0,0,False,,[],4,False,False,https://sinyi.in/o/ZS201132HB/0/3,0,2,,3,False,False,893,,,,False,False,金門縣,Kinmen-county,7,https://www.sinyi.com.tw/buy/list/Kinmen-county/default-desc/7
,ZS193539HB,頂埔下電梯套房,24.4461630641,118.313503746,['https://img.hbhousing.com.tw/pictures/A588/A588ZS193539a.jpg'],https://img.hbhousing.com.tw/pictures/A588/A588ZS193539a.jpg,,,,,0,金門縣金寧鄉下埔下,10.4年,['K'],['K'],0,299,10.52,5.1,1,7.84,1房1衛,3,0,False,,[],19,False,False,https://sinyi.in/o/ZS193539HB/0/3,0,2,,1,False,False,892,,,1房1衛,False,False,金門縣,Kinmen-county,7,https://www.sinyi.com.tw/buy/list/Kinmen-county/default-desc/7
,ZS201582HB,湖下大橋海景電梯三房公寓,24.45767,118.308586,['https://img.hbhousing.com.tw/pictures/A588/A588ZS201582a.jpg'],https://img.hbhousing.com.tw/pictures/A588/A588ZS201582a.jpg,,,,,0,金門縣金寧鄉湖峰路,1.7年,['M'],['M'],0,888,36.25,0.0,1,24.07,3房2廳2衛,0,0,False,,[],19,False,False,https://sinyi.in/o/ZS201582HB/0/3,0,2,,1,False,False,892,,,3房2廳2衛,False,False,金門縣,Kinmen-county,7,https://www.sinyi.com.tw/buy/list/Kinmen-county/default-desc/7
,YS121273HB,后豐港觀海農地,24.415577,118.311187,['https://img.hbhousing.com.tw/pictures/A588/A588YS121273a.jpg'],https://img.hbhousing.com.tw/pictures/A588/A588YS121273a.jpg,,,,,0,金門縣金城鎮延平段,--,['I'],['I'],0,1080,0.0,297.87,0,-1.0,,0,0,False,,[],5,False,False,https://sinyi.in/o/YS121273HB/0/3,0,2,,3,False,False,893,,,,False,False,金門縣,Kinmen-county,7,https://www.sinyi.com.tw/buy/list/Kinmen-county/default-desc/7
,YS93169HB,后壟套房,24.44986918,118.44348854,['https://img.hbhousing.com.tw/pictures/A588/A588YS93169a.jpg'],https://img.hbhousing.com.tw/pictures/A588/A588YS93169a.jpg,,,,,0,金門縣金湖鎮后壟,9.1年,['M'],['M'],0,268,11.97,6.29,1,8.32,1房1衛,2,3,False,,[],41,False,False,https://sinyi.in/o/YS93169HB/0/3,0,2,,1,False,False,891,,,1房1衛,False,False,金門縣,Kinmen-county,7,https://www.sinyi.com.tw/buy/list/Kinmen-county/default-desc/7
,YS114023HB,碧山大溝旁方正農地,24.495761,118.425276,['https://img.hbhousing.com.tw/pictures/A588/A588YS114023a.jpg'],https://img.hbhousing.com.tw/pictures/A588/A588YS114023a.jpg,,,,,0,金門縣金沙鎮碧山,--,['I'],['I'],0,350,0.0,302.5,0,-1.0,,0,0,False,,[],3,False,False,https://sinyi.in/o/YS114023HB/0/3,0,2,,3,False,False,890,,,,False,False,金門縣,Kinmen-county,7,https://www.sinyi.com.tw/buy/list/Kinmen-county/default-desc/7
,ZS192503HB,樂活小築電梯公寓,24.4558846257,118.450716655,['https://img.hbhousing.com.tw/pictures/A588/A588ZS192503a.jpg'],https://img.hbhousing.com.tw/pictures/A588/A588ZS192503a.jpg,,,,,0,金門縣金沙鎮沙東劃,9.2年,['M'],['M'],0,388,20.7,10.79,1,16.37,2房2衛,3,0,False,,[],55,False,False,https://sinyi.in/o/ZS192503HB/0/3,0,2,,1,False,False,890,,,2房2衛,False,False,金門縣,Kinmen-county,7,https://www.sinyi.com.tw/buy/list/Kinmen-county/default-desc/7
,ZS201089HB,浦邊優質套房,24.44040258799,118.31793043365,['https://img.hbhousing.com.tw/pictures/A588/A588ZS201089a.jpg'],https://img.hbhousing.com.tw/pictures/A588/A588ZS201089a.jpg,,,,,0,金門縣金寧鄉埔邊,10.9年,['M'],['M'],0,338,11.76,0.0,1,5.89,1房1衛,2,0,False,,[],10,False,False,https://sinyi.in/o/ZS201089HB/0/3,0,2,,1,False,False,892,,,1房1衛,False,False,金門縣,Kinmen-county,7,https://www.sinyi.com.tw/buy/list/Kinmen-county/default-desc/7
,ZS192845HB,金湖優質臨路農地,24.4314,118.421,['https://img.hbhousing.com.tw/pictures/A588/A588ZS192845a.jpg'],https://img.hbhousing.com.tw/pictures/A588/A588ZS192845a.jpg,,,,,0,金門縣金湖鎮新頭,--,['I'],['I'],0,1800,0.0,277.93,0,-1.0,,0,0,False,,[],2,False,False,https://sinyi.in/o/ZS192845HB/0/3,0,2,,3,False,False,891,,,,False,False,金門縣,Kinmen-county,8,https://www.sinyi.com.tw/buy/list/Kinmen-county/default-desc/8
,ZS198696HB,金沙斗門農地,24.473765,118.401718,['https://img.hbhousing.com.tw/pictures/A588/A588ZS198696a.jpg'],https://img.hbhousing.com.tw/pictures/A588/A588ZS198696a.jpg,,,,,0,金門縣金沙鎮斗門劃測段,--,['I'],['I'],0,398,0.0,363.0,0,-1.0,,0,0,False,,[],8,False,False,https://sinyi.in/o/ZS198696HB/0/3,0,2,,3,False,False,890,,,,False,False,金門縣,Kinmen-county,8,https://www.sinyi.com.tw/buy/list/Kinmen-county/default-desc/8
,YS113455HB,金湖國小透天店面,24.4438776831,118.415084734,['https://img.hbhousing.com.tw/pictures/A588/A588YS113455a.jpg'],https://img.hbhousing.com.tw/pictures/A588/A588YS113455a.jpg,,,,,0,金門縣金湖鎮山外街,41.6年,['E'],['E'],0,998,31.35,18.76,0,31.35,4房1廳2衛,1-3,3,False,,[],16,False,False,https://sinyi.in/o/YS113455HB/0/3,0,2,,1,False,False,891,,,4房1廳2衛,False,False,金門縣,Kinmen-county,8,https://www.sinyi.com.tw/buy/list/Kinmen-county/default-desc/8
,XS112178HB,內洋大建地,24.495761,118.425276,['https://img.hbhousing.com.tw/pictures/A588/A588XS112178a.jpg'],https://img.hbhousing.com.tw/pictures/A588/A588XS112178a.jpg,,,,,0,金門縣金沙鎮大洋,--,['I'],['I'],0,1780,0.0,265.9,0,-1.0,,0,0,False,,[],3,False,False,https://sinyi.in/o/XS112178HB/0/3,0,2,,3,False,False,890,,,,False,False,金門縣,Kinmen-county,8,https://www.sinyi.com.tw/buy/list/Kinmen-county/default-desc/8
,XS122818HB,金城市區電梯兩房美寓,24.4333548901,118.316818672,['https://img.hbhousing.com.tw/pictures/A588/A588XS122818a.jpg'],https://img.hbhousing.com.tw/pictures/A588/A588XS122818a.jpg,,,,,0,金門縣金城鎮莒光路,4.2年,['M'],['M'],0,780,25.55,7.86,1,18.65,2房1廳2衛,1-5,0,False,,[],35,False,False,https://sinyi.in/o/XS122818HB/0/3,0,2,,1,False,False,893,,,2房1廳2衛,False,False,金門縣,Kinmen-county,8,https://www.sinyi.com.tw/buy/list/Kinmen-county/default-desc/8
,YS137786HB,金門城超大絕美公寓,24.4028144615,118.306056224,['https://img.hbhousing.com.tw/pictures/A588/A588YS137786a.jpg'],https://img.hbhousing.com.tw/pictures/A588/A588YS137786a.jpg,,,,,0,金門縣金城鎮金門城測,10.3年,['A'],['A'],0,798,38.77,24.29,1,36.77,3房2廳2衛,3,3,False,,[],13,False,False,https://sinyi.in/o/YS137786HB/0/3,0,2,,1,False,False,893,,,3房2廳2衛,False,False,金門縣,Kinmen-county,8,https://www.sinyi.com.tw/buy/list/Kinmen-county/default-desc/8
,ZS196411HB,金沙高陽斗門段農地B,24.472994,118.416736,['https://img.hbhousing.com.tw/pictures/A588/A588ZS196411a.jpg'],https://img.hbhousing.com.tw/pictures/A588/A588ZS196411a.jpg,,,,,0,金門縣金沙鎮蔡厝劃測段,--,['I'],['I'],0,520,0.0,296.9,0,-1.0,,0,0,False,,[],4,False,False,https://sinyi.in/o/ZS196411HB/0/3,0,2,,3,False,False,890,,,,False,False,金門縣,Kinmen-county,8,https://www.sinyi.com.tw/buy/list/Kinmen-county/default-desc/8
,ZS198763HB,湖下海景兩房電梯公寓,24.4580428,118.3054517,['https://img.hbhousing.com.tw/pictures/A588/A588ZS198763a.jpg'],https://img.hbhousing.com.tw/pictures/A588/A588ZS198763a.jpg,,,,,0,金門縣金寧鄉寧湖二劃測,0.8年,['M'],['M'],0,728,26.3,0.0,1,18.33,2房1廳2衛,3,0,True,['6'],[],23,False,False,https://sinyi.in/o/ZS198763HB/0/3,0,2,,1,False,False,892,,,2房1廳2衛,False,False,金門縣,Kinmen-county,8,https://www.sinyi.com.tw/buy/list/Kinmen-county/default-desc/8
,ZS201231HB,小金門東林村莊旁美地,24.427926,118.247921,['https://img.hbhousing.com.tw/pictures/A588/A588ZS201231a.jpg'],https://img.hbhousing.com.tw/pictures/A588/A588ZS201231a.jpg,,,,,0,金門縣烈嶼鄉東園劃段,--,['I'],['I'],0,528,0.0,201.14,0,-1.0,,0,0,False,,[],0,False,False,https://sinyi.in/o/ZS201231HB/0/3,0,2,,3,False,False,894,,,,False,False,金門縣,Kinmen-county,8,https://www.sinyi.com.tw/buy/list/Kinmen-county/default-desc/8
,XS104009HB,北山三角窗農地,24.422919,118.327596,['https://img.hbhousing.com.tw/pictures/A588/A588XS104009a.jpg'],https://img.hbhousing.com.tw/pictures/A588/A588XS104009a.jpg,,,,,0,金門縣金寧鄉寧古,--,['I'],['I'],0,238,0.0,151.25,0,-1.0,,0,0,False,,[],0,False,False,https://sinyi.in/o/XS104009HB/0/3,0,2,,3,False,False,892,,,,False,False,金門縣,Kinmen-county,8,https://www.sinyi.com.tw/buy/list/Kinmen-county/default-desc/8
,ZS199931HB,金豐路道路用地,24.423976,118.318501,['https://img.hbhousing.com.tw/pictures/A588/A588ZS199931a.jpg'],https://img.hbhousing.com.tw/pictures/A588/A588ZS199931a.jpg,,,,,0,金門縣金城鎮賢厝段,--,['I'],['I'],0,243,0.0,171.85,0,-1.0,,0,0,False,,[],3,False,False,https://sinyi.in/o/ZS199931HB/0/3,0,2,,3,False,False,893,,,,False,False,金門縣,Kinmen-county,8,https://www.sinyi.com.tw/buy/list/Kinmen-county/default-desc/8
,ZS201931HB,金湖飯店式管理套房B,24.438449,118.41288,['https://img.hbhousing.com.tw/pictures/A588/A588ZS201931a.jpg'],https://img.hbhousing.com.tw/pictures/A588/A588ZS201931a.jpg,,,,,0,金門縣金湖鎮市港五路,6.2年,['M'],['M'],0,558,18.37,0.0,0,10.75,1房1衛,3,0,False,,[],1,False,False,https://sinyi.in/o/ZS201931HB/0/3,0,2,,1,False,False,891,,,1房1衛,False,False,金門縣,Kinmen-county,8,https://www.sinyi.com.tw/buy/list/Kinmen-county/default-desc/8
,XB07588GH,獨家專任約  金湖鎮庵邊段,24.446417,118.417835,['https://img.great-home.com.tw/pictures/H168/H168XB07588a.jpg'],https://img.great-home.com.tw/pictures/H168/H168XB07588a.jpg,,,,,0,金門縣金湖鎮東村,--,['I'],['I'],0,938,0.0,161.84,0,-1.0,,0,0,False,,[],7,False,False,https://sinyi.in/o/XB07588GH/0/3,0,2,,3,False,False,891,,,,False,False,金門縣,Kinmen-county,8,https://www.sinyi.com.tw/buy/list/Kinmen-county/default-desc/8
,ZS197939HB,古崗臨路方正建地,24.434285,118.311365,['https://img.hbhousing.com.tw/pictures/A588/A588ZS197939a.jpg'],https://img.hbhousing.com.tw/pictures/A588/A588ZS197939a.jpg,,,,,0,金門縣金城鎮東紅山段,--,['I'],['I'],0,560,0.0,54.82,0,-1.0,,0,0,False,,[],5,False,False,https://sinyi.in/o/ZS197939HB/0/3,0,2,,3,False,False,893,,,,False,False,金門縣,Kinmen-county,8,https://www.sinyi.com.tw/buy/list/Kinmen-county/default-desc/8
,ZS197979HB,溪邊臨路建地,24.426048,118.445083,['https://img.hbhousing.com.tw/pictures/A588/A588ZS197979a.jpg'],https://img.hbhousing.com.tw/pictures/A588/A588ZS197979a.jpg,,,,,0,金門縣金湖鎮多年段,--,['I'],['I'],0,580,0.0,133.89,0,-1.0,,0,0,False,,[],0,False,False,https://sinyi.in/o/ZS197979HB/0/3,0,2,,3,False,False,891,,,,False,False,金門縣,Kinmen-county,8,https://www.sinyi.com.tw/buy/list/Kinmen-county/default-desc/8
,ZS198087HB,西堡靠海臨路農地,24.461427,118.335787,['https://img.hbhousing.com.tw/pictures/A588/A588ZS198087a.jpg'],https://img.hbhousing.com.tw/pictures/A588/A588ZS198087a.jpg,,,,,0,金門縣金寧鄉西堡劃測段,--,['I'],['I'],0,350,0.0,235.96,0,-1.0,,0,0,False,,[],4,False,False,https://sinyi.in/o/ZS198087HB/0/3,0,2,,3,False,False,892,,,,False,False,金門縣,Kinmen-county,8,https://www.sinyi.com.tw/buy/list/Kinmen-county/default-desc/8
,ZB07035GH,金門水頭 3樓公寓,24.4114703,118.2999647,['https://img.great-home.com.tw/pictures/H168/H168ZB07035a.jpg'],https://img.great-home.com.tw/pictures/H168/H168ZB07035a.jpg,,,,,0,金門縣金城鎮前水頭,0.5年,['A'],['A'],0,680,27.59,21.1,0,27.59,3房2廳2衛,3,3,False,,[],35,False,False,https://sinyi.in/o/ZB07035GH/0/3,0,2,,1,False,False,893,,,3房2廳2衛,False,False,金門縣,Kinmen-county,8,https://www.sinyi.com.tw/buy/list/Kinmen-county/default-desc/8
,ZS196256HB,榜林圓環旁精美公寓,24.435719258,118.329948533,['https://img.hbhousing.com.tw/pictures/A588/A588ZS196256a.jpg'],https://img.hbhousing.com.tw/pictures/A588/A588ZS196256a.jpg,,,,,0,金門縣金寧鄉榜林村測,9.9年,['A'],['A'],0,880,31.5,17.9,1,28.92,4房4衛,2,0,False,,[],5,False,False,https://sinyi.in/o/ZS196256HB/0/3,0,2,,1,False,False,892,,,4房4衛,False,False,金門縣,Kinmen-county,8,https://www.sinyi.com.tw/buy/list/Kinmen-county/default-desc/8
,ZS202318HB,獨家古寧頭假日農夫E,24.479035322561,118.30524314815,['https://img.hbhousing.com.tw/pictures/A782/A782ZS202318a.jpg'],https://img.hbhousing.com.tw/pictures/A782/A782ZS202318a.jpg,,,,,0,金門縣金寧鄉南山,--,['I'],['I'],0,58,0.0,137.98,0,-1.0,,0,0,False,,[],0,False,False,https://sinyi.in/o/ZS202318HB/0/3,0,2,,3,False,False,892,,,,False,False,金門縣,Kinmen-county,8,https://www.sinyi.com.tw/buy/list/Kinmen-county/default-desc/8
,ZS202193HB,后盤環北大路邊農地,24.4803972,118.3117288,['https://img.hbhousing.com.tw/pictures/A588/A588ZS202193a.jpg'],https://img.hbhousing.com.tw/pictures/A588/A588ZS202193a.jpg,,,,,0,金門縣金寧鄉北四劃段,--,['I'],['I'],0,798,0.0,221.73,0,-1.0,,0,0,False,,[],0,False,False,https://sinyi.in/o/ZS202193HB/0/3,0,2,,3,False,False,892,,,,False,False,金門縣,Kinmen-county,8,https://www.sinyi.com.tw/buy/list/Kinmen-county/default-desc/8
,ZS202459HB,小金門重劃區商業用地,24.430484,118.251369,['https://img.hbhousing.com.tw/pictures/A588/A588ZS202459a.jpg'],https://img.hbhousing.com.tw/pictures/A588/A588ZS202459a.jpg,,,,,0,金門縣烈嶼鄉麒麟山,--,['I'],['I'],0,1200,0.0,84.09,0,-1.0,,0,0,False,,[],0,False,False,https://sinyi.in/o/ZS202459HB/0/3,0,2,,3,False,False,894,,,,False,False,金門縣,Kinmen-county,9,https://www.sinyi.com.tw/buy/list/Kinmen-county/default-desc/9
,2078410CT,｜專任・金城鎮大坪數質感透天｜,24.413364,118.327156,['https://media.cthouse.com.tw/photo//project2/house_photo/202512/2078410-1_new.jpg'],https://media.cthouse.com.tw/photo//project2/house_photo/202512/2078410-1_new.jpg,,,,,0,金門縣金城鎮小西門路,12.2年,['K'],['K'],0,1450,58.59,36.35,1,58.59,5房2廳5衛,1-3,3,False,,[],8,False,False,https://sinyi.in/o/2078410CT/0/3,0,2,,1,False,False,893,,,5房2廳5衛,False,False,金門縣,Kinmen-county,9,https://www.sinyi.com.tw/buy/list/Kinmen-county/default-desc/9
,2070631CT,東沙透天,24.432065,118.31551,['https://media.cthouse.com.tw/photo//project2/house_photo/202511/2070631-1_new.jpg'],https://media.cthouse.com.tw/photo//project2/house_photo/202511/2070631-1_new.jpg,,,,,0,金門縣金城鎮東沙路,1.0年,['K'],['K'],0,1330,49.71,49.71,0,49.71,4房2廳5衛,1-3,3,False,,[],6,False,False,https://sinyi.in/o/2070631CT/0/3,0,2,,1,False,False,893,,,4房2廳5衛,False,False,金門縣,Kinmen-county,9,https://www.sinyi.com.tw/buy/list/Kinmen-county/default-desc/9
,S2467718PA,近高陽路農地,24.476863,118.419297,['https://hq.houseol.com.tw/images/pictures/1425AK5323619c.jpg'],https://hq.houseol.com.tw/images/pictures/1425AK5323619c.jpg,,,,,0,金門縣金沙鎮沙溪一劃段,--,['I'],['I'],0,300,0.0,142.23,0,-1.0,,0,0,False,,[],3,False,False,https://sinyi.in/o/S2467718PA/0/3,0,2,,3,False,False,890,,,,False,False,金門縣,Kinmen-county,9,https://www.sinyi.com.tw/buy/list/Kinmen-county/default-desc/9
,S2629094PA,下埔下一樓挑高公寓,24.4442026,118.3126857,['https://hq.houseol.com.tw/images/pictures/1425AA6252489a.jpg'],https://hq.houseol.com.tw/images/pictures/1425AA6252489a.jpg,,,,,0,金門縣金寧鄉下埔下,13.5年,['A'],['A'],0,920,33.66,16.88,0,28.0,3房2廳3衛,1,3,False,,[],3,False,False,https://sinyi.in/o/S2629094PA/0/3,0,2,,1,False,False,892,,,3房2廳3衛,False,False,金門縣,Kinmen-county,9,https://www.sinyi.com.tw/buy/list/Kinmen-county/default-desc/9
,2081226CT,天圓湖中居 三房公寓,24.432303,118.423751,['https://media.cthouse.com.tw/photo//project2/house_photo/202512/2081226-1_new.jpg'],https://media.cthouse.com.tw/photo//project2/house_photo/202512/2081226-1_new.jpg,,,,,0,金門縣金湖鎮林兜路,0.9年,['A'],['A'],0,1082,34.41,168.72,1,30.26,3房2廳2衛,1,5,False,,[],16,False,False,https://sinyi.in/o/2081226CT/0/3,0,2,,1,False,False,891,,,3房2廳2衛,False,False,金門縣,Kinmen-county,9,https://www.sinyi.com.tw/buy/list/Kinmen-county/default-desc/9
,2071070CT,金大9套房透天,24.451571,118.319714,['https://media.cthouse.com.tw/photo//project2/house_photo/202511/2071070-1_new.jpg'],https://media.cthouse.com.tw/photo//project2/house_photo/202511/2071070-1_new.jpg,,,,,0,金門縣金寧鄉環島西路2段,11.4年,['K'],['K'],0,1580,60.81,33.0,1,60.8,,1-3,3,False,,[],8,False,False,https://sinyi.in/o/2071070CT/0/3,0,2,,1,False,False,892,,,,False,False,金門縣,Kinmen-county,9,https://www.sinyi.com.tw/buy/list/Kinmen-county/default-desc/9
,2085888CT,投資型店面透天厝,24.431601,118.33126,['https://media.cthouse.com.tw/photo//project2/house_photo/202601/2085888-1_new.jpg'],https://media.cthouse.com.tw/photo//project2/house_photo/202601/2085888-1_new.jpg,,,,,0,金門縣金寧鄉桃園路,9.9年,['K'],['K'],0,2280,52.67,26.96,1,51.56,5衛,1-3,3,False,,[],2,False,False,https://sinyi.in/o/2085888CT/0/3,0,2,,1,False,False,892,,,5衛,False,False,金門縣,Kinmen-county,9,https://www.sinyi.com.tw/buy/list/Kinmen-county/default-desc/9
,2101452CT,近碼頭三房公寓,24.41854,118.30145,['https://media.cthouse.com.tw/photo//project2/house_photo/202604/2101452-1_new.jpg'],https://media.cthouse.com.tw/photo//project2/house_photo/202604/2101452-1_new.jpg,,,,,0,金門縣金城鎮後豐港路,1.8年,['A'],['A'],0,776,29.1,9.59,1,25.27,2廳2衛,3,5,False,,[],9,False,False,https://sinyi.in/o/2101452CT/0/3,0,2,,1,False,False,893,,,2廳2衛,False,False,金門縣,Kinmen-county,9,https://www.sinyi.com.tw/buy/list/Kinmen-county/default-desc/9
,2090310CT,料羅新村全新店面,24.417486,118.433519,['https://media.cthouse.com.tw/photo//project2/house_photo/202602/2090310-1_new.jpg'],https://media.cthouse.com.tw/photo//project2/house_photo/202602/2090310-1_new.jpg,,,,,0,金門縣金湖鎮料羅新村路,0.5年,['K'],['K'],0,888,34.35,302.51,0,27.12,,1,5,False,,[],1,False,False,https://sinyi.in/o/2090310CT/0/3,0,2,,1,False,False,891,,,,False,False,金門縣,Kinmen-county,9,https://www.sinyi.com.tw/buy/list/Kinmen-county/default-desc/9
,S2636509PA,頂埔下電梯套房,24.4565774,118.3058515,['https://hq.houseol.com.tw/images/pictures/1425AA5948612d.jpg'],https://hq.houseol.com.tw/images/pictures/1425AA5948612d.jpg,,,,,0,金門縣金寧鄉頂埔下,10.4年,['K'],['K'],0,338,10.62,5.07,0,6.88,1房1廳1衛,2,3,False,,[],12,False,False,https://sinyi.in/o/S2636509PA/0/3,0,2,,1,False,False,892,,,1房1廳1衛,False,False,金門縣,Kinmen-county,9,https://www.sinyi.com.tw/buy/list/Kinmen-county/default-desc/9
,S2223762PA,金寧鄉頂堡建地,24.448083,118.340889,['https://hq.houseol.com.tw/images/pictures/1425AK5312392c.jpg'],https://hq.houseol.com.tw/images/pictures/1425AK5312392c.jpg,,,,,0,金門縣金寧鄉      盤山村測段,--,['I'],['I'],0,586,0.0,39.34,0,-1.0,,0,0,False,,[],4,False,False,https://sinyi.in/o/S2223762PA/0/3,0,2,,3,False,False,892,,,,False,False,金門縣,Kinmen-county,9,https://www.sinyi.com.tw/buy/list/Kinmen-county/default-desc/9
,S2333216PA,近金大重劃區農地,24.4434,118.32023,['https://hq.houseol.com.tw/images/pictures/1425AK5312423a.jpg'],https://hq.houseol.com.tw/images/pictures/1425AK5312423a.jpg,,,,,0,金門縣金寧鄉寧湖三劃段,--,['I'],['I'],0,3600,0.0,399.23,0,-1.0,,0,0,False,,[],0,False,False,https://sinyi.in/o/S2333216PA/0/3,0,2,,3,False,False,892,,,,False,False,金門縣,Kinmen-county,9,https://www.sinyi.com.tw/buy/list/Kinmen-county/default-desc/9
,1830661CT,水頭段「高粱田」農地II,24.415577,118.311187,['https://media.cthouse.com.tw/photo//project2/house_photo/202303/1830661-1_new.jpg'],https://media.cthouse.com.tw/photo//project2/house_photo/202303/1830661-1_new.jpg,,,,,0,金門縣金城鎮水頭段,--,['I'],['I'],0,668,0.0,246.69,0,-1.0,,0,0,False,,[],3,False,False,https://sinyi.in/o/1830661CT/0/3,0,2,,3,False,False,893,,,,False,False,金門縣,Kinmen-county,9,https://www.sinyi.com.tw/buy/list/Kinmen-county/default-desc/9
,S2218729PA,金寧鄉伯玉路農地A,24.44402,118.34772,['https://hq.houseol.com.tw/images/pictures/1425AK5312394c.jpg'],https://hq.houseol.com.tw/images/pictures/1425AK5312394c.jpg,,,,,0,金門縣金寧鄉中三劃測段,--,['I'],['I'],0,1180,0.0,217.82,0,-1.0,,0,0,False,,[],2,False,False,https://sinyi.in/o/S2218729PA/0/3,0,2,,3,False,False,892,,,,False,False,金門縣,Kinmen-county,9,https://www.sinyi.com.tw/buy/list/Kinmen-county/default-desc/9
,2107474CT,湖下一梯一戶三房公寓,24.458043,118.305452,['https://media.cthouse.com.tw/photo//project2/house_photo/202605/2107474-1_new.jpg'],https://media.cthouse.com.tw/photo//project2/house_photo/202605/2107474-1_new.jpg,,,,,0,金門縣金寧鄉湖下路,0.3年,['A'],['A'],0,900,34.85,13.33,1,27.19,3房1廳2衛,4,5,False,,[],2,False,False,https://sinyi.in/o/2107474CT/0/3,0,2,,1,False,False,892,,,3房1廳2衛,False,False,金門縣,Kinmen-county,9,https://www.sinyi.com.tw/buy/list/Kinmen-county/default-desc/9
,2078161CT,金寧鄉埔後全新電梯3房公寓,24.446643,118.318824,['https://media.cthouse.com.tw/photo//project2/house_photo/202601/2078161-1_new.jpg'],https://media.cthouse.com.tw/photo//project2/house_photo/202601/2078161-1_new.jpg,,,,,0,金門縣金寧鄉埔後路,1.4年,['A'],['A'],0,1112,34.21,302.5,1,29.29,3房1廳2衛,4,5,False,,[],6,False,False,https://sinyi.in/o/2078161CT/0/3,0,2,,1,False,False,892,,,3房1廳2衛,False,False,金門縣,Kinmen-county,9,https://www.sinyi.com.tw/buy/list/Kinmen-county/default-desc/9
,2107066CT,中興五樓透天,24.434623,118.320178,['https://media.cthouse.com.tw/photo//project2/house_photo/202605/2107066-1_new.jpg'],https://media.cthouse.com.tw/photo//project2/house_photo/202605/2107066-1_new.jpg,,,,,0,金門縣金城鎮中興路0段,19.8年,['K'],['K'],0,2200,54.63,15.67,0,54.63,,1-5,5,False,,[],1,False,False,https://sinyi.in/o/2107066CT/0/3,0,2,,1,False,False,893,,,,False,False,金門縣,Kinmen-county,9,https://www.sinyi.com.tw/buy/list/Kinmen-county/default-desc/9
,2108704CT,金寧鄉湖下3房公寓,24.455343,118.306704,['https://media.cthouse.com.tw/photo//project2/house_photo/202605/2108704-1_new.jpg'],https://media.cthouse.com.tw/photo//project2/house_photo/202605/2108704-1_new.jpg,,,,,0,金門縣金寧鄉湖下路,9.4年,['A'],['A'],0,688,27.95,302.5,1,23.97,2廳2衛,2,3,False,,[],3,False,False,https://sinyi.in/o/2108704CT/0/3,0,2,,1,False,False,892,,,2廳2衛,False,False,金門縣,Kinmen-county,9,https://www.sinyi.com.tw/buy/list/Kinmen-county/default-desc/9
,S2149150PA,金城鎮歐厝國家公園土地出售,24.407222,118.330139,['https://hq.houseol.com.tw/images/pictures/1425AK5310593a.jpg'],https://hq.houseol.com.tw/images/pictures/1425AK5310593a.jpg,,,,,0,金門縣金城鎮歐厝,--,['I'],['I'],0,6000,0.0,799.28,0,-1.0,,0,0,False,,[],5,False,False,https://sinyi.in/o/S2149150PA/0/3,0,2,,3,False,False,893,,,,False,False,金門縣,Kinmen-county,9,https://www.sinyi.com.tw/buy/list/Kinmen-county/default-desc/9
,S2355139PA,瓊林農建地,24.453823,118.370339,['https://hq.houseol.com.tw/images/pictures/1425AK5323583a.jpg'],https://hq.houseol.com.tw/images/pictures/1425AK5323583a.jpg,,,,,0,金門縣金湖鎮中四劃段,--,['I'],['I'],0,2688,0.0,292.52,0,-1.0,,0,0,False,,[],4,False,False,https://sinyi.in/o/S2355139PA/0/3,0,2,,3,False,False,891,,,,False,False,金門縣,Kinmen-county,10,https://www.sinyi.com.tw/buy/list/Kinmen-county/default-desc/10
,2095159CT,金寧三樓公寓,24.460917,118.336359,['https://media.cthouse.com.tw/photo//project2/house_photo/202603/2095159-1_new.jpg'],https://media.cthouse.com.tw/photo//project2/house_photo/202603/2095159-1_new.jpg,,,,,0,金門縣金寧鄉西堡路,10.3年,['A'],['A'],0,546,22.37,57.72,1,19.65,,3,3,False,,[],17,False,False,https://sinyi.in/o/2095159CT/0/3,0,2,,1,False,False,892,,,,False,False,金門縣,Kinmen-county,10,https://www.sinyi.com.tw/buy/list/Kinmen-county/default-desc/10
,S2223897PA,金寧鄉盤山村建地,24.447278,118.341111,['https://hq.houseol.com.tw/images/pictures/1425AK5312393d.jpg'],https://hq.houseol.com.tw/images/pictures/1425AK5312393d.jpg,,,,,0,金門縣金寧鄉盤山村測段,--,['I'],['I'],0,465,0.0,30.5,0,-1.0,,0,0,False,,[],1,False,False,https://sinyi.in/o/S2223897PA/0/3,0,2,,3,False,False,892,,,,False,False,金門縣,Kinmen-county,10,https://www.sinyi.com.tw/buy/list/Kinmen-county/default-desc/10
,S2410928PA,金沙絕美觀海建地,24.478904,118.388588,['https://hq.houseol.com.tw/images/pictures/1425AK5323612c.jpg'],https://hq.houseol.com.tw/images/pictures/1425AK5323612c.jpg,,,,,0,金門縣金沙鎮浦邊測段,--,['I'],['I'],0,680,0.0,108.05,0,-1.0,,0,0,False,,[],5,False,False,https://sinyi.in/o/S2410928PA/0/3,0,2,,3,False,False,890,,,,False,False,金門縣,Kinmen-county,10,https://www.sinyi.com.tw/buy/list/Kinmen-county/default-desc/10
,2078032CT,塔後獨棟大透天,24.436897,118.408285,['https://media.cthouse.com.tw/photo//project2/house_photo/202512/2078032-1_new.jpg'],https://media.cthouse.com.tw/photo//project2/house_photo/202512/2078032-1_new.jpg,,,,,0,金門縣金湖鎮環島南路四段,2.0年,['L'],['L'],0,2800,108.9,136.51,0,108.9,,1-3,3,False,,[],24,False,False,https://sinyi.in/o/2078032CT/0/3,0,2,,1,False,False,891,,,,False,False,金門縣,Kinmen-county,10,https://www.sinyi.com.tw/buy/list/Kinmen-county/default-desc/10
,2105642CT,晴山富琚一期,24.44767,118.33852,['https://media.cthouse.com.tw/photo//project2/house_photo/202605/2105642-1_new.jpg'],https://media.cthouse.com.tw/photo//project2/house_photo/202605/2105642-1_new.jpg,,,,,0,金門縣金寧鄉頂堡路,1.2年,['A'],['A'],0,627,24.33,241.74,1,19.09,2房2廳2衛,1,5,False,,[],9,False,False,https://sinyi.in/o/2105642CT/0/3,0,2,,1,False,False,892,,,2房2廳2衛,False,False,金門縣,Kinmen-county,10,https://www.sinyi.com.tw/buy/list/Kinmen-county/default-desc/10
,1830564CT,蜈蚣山段農地,24.415577,118.311187,['https://media.cthouse.com.tw/photo//project2/house_photo/202303/1830564-1_new.jpg'],https://media.cthouse.com.tw/photo//project2/house_photo/202303/1830564-1_new.jpg,,,,,0,金門縣金城鎮蜈蚣山段,--,['I'],['I'],0,118,0.0,144.11,0,-1.0,,0,0,False,,[],10,False,False,https://sinyi.in/o/1830564CT/0/3,0,2,,3,False,False,893,,,,False,False,金門縣,Kinmen-county,10,https://www.sinyi.com.tw/buy/list/Kinmen-county/default-desc/10
,2085843CT,大坪數4房電梯公寓,24.460882,118.324613,['https://media.cthouse.com.tw/photo//project2/house_photo/202601/2085843-1_new.jpg'],https://media.cthouse.com.tw/photo//project2/house_photo/202601/2085843-1_new.jpg,,,,,0,金門縣金寧鄉安岐路,0.7年,['A'],['A'],0,1080,44.71,96.6,1,38.65,2廳3衛,2,3,False,,[],15,False,False,https://sinyi.in/o/2085843CT/0/3,0,2,,1,False,False,892,,,2廳3衛,False,False,金門縣,Kinmen-county,10,https://www.sinyi.com.tw/buy/list/Kinmen-county/default-desc/10
,2088242CT,環島西路旁輕齡透天,24.46391,118.316351,['https://media.cthouse.com.tw/photo//project2/house_photo/202602/2088242-1_new.jpg'],https://media.cthouse.com.tw/photo//project2/house_photo/202602/2088242-1_new.jpg,,,,,0,金門縣金寧鄉環島西路2段,6.6年,['K'],['K'],0,1380,60.09,29.65,0,60.09,1廳6衛,1-3,3,False,,[],5,False,False,https://sinyi.in/o/2088242CT/0/3,0,2,,1,False,False,892,,,1廳6衛,False,False,金門縣,Kinmen-county,10,https://www.sinyi.com.tw/buy/list/Kinmen-county/default-desc/10
,1830624CT,水頭段「高粱田」農地I,24.415577,118.311187,['https://media.cthouse.com.tw/photo//project2/house_photo/202303/1830624-1_new.jpg'],https://media.cthouse.com.tw/photo//project2/house_photo/202303/1830624-1_new.jpg,,,,,0,金門縣金城鎮水頭段,--,['I'],['I'],0,388,0.0,142.64,0,-1.0,,0,0,False,,[],1,False,False,https://sinyi.in/o/1830624CT/0/3,0,2,,3,False,False,893,,,,False,False,金門縣,Kinmen-county,10,https://www.sinyi.com.tw/buy/list/Kinmen-county/default-desc/10
,S2579623PA,金沙鎮近沙青路農地,24.505904,118.415604,['https://hq.houseol.com.tw/images/pictures/1425AK5275377d.jpg'],https://hq.houseol.com.tw/images/pictures/1425AK5275377d.jpg,,,,,0,金門縣金沙鎮北九劃段,--,['I'],['I'],0,488,0.0,302.5,0,-1.0,,0,0,False,,[],3,False,False,https://sinyi.in/o/S2579623PA/0/3,0,2,,3,False,False,890,,,,False,False,金門縣,Kinmen-county,10,https://www.sinyi.com.tw/buy/list/Kinmen-county/default-desc/10
,2071415CT,湖前三房公寓,24.433349,118.422681,['https://media.cthouse.com.tw/photo//project2/house_photo/202511/2071415-1_new.jpg'],https://media.cthouse.com.tw/photo//project2/house_photo/202511/2071415-1_new.jpg,,,,,0,金門縣金湖鎮環島南路路五段,1.0年,['A'],['A'],0,1080,30.78,5.93,1,24.74,3房2廳2衛,5,5,False,,[],15,False,False,https://sinyi.in/o/2071415CT/0/3,0,2,,1,False,False,891,,,3房2廳2衛,False,False,金門縣,Kinmen-county,10,https://www.sinyi.com.tw/buy/list/Kinmen-county/default-desc/10
,2072483CT,金沙北九十劃美農地,24.515696,118.41376,['https://media.cthouse.com.tw/photo//project2/house_photo/202512/2072483-1_new.jpg'],https://media.cthouse.com.tw/photo//project2/house_photo/202512/2072483-1_new.jpg,,,,,0,金門縣金沙鎮北九十劃段,--,['I'],['I'],0,446,0.0,295.53,0,-1.0,,0,0,False,,[],4,False,False,https://sinyi.in/o/2072483CT/0/3,0,2,,3,False,False,890,,,,False,False,金門縣,Kinmen-county,10,https://www.sinyi.com.tw/buy/list/Kinmen-county/default-desc/10
,S2426733PA,金門金城自然村66坪方正建地,24.41291,118.29766,['https://hq.houseol.com.tw/images/pictures/1598QQ00000933i.jpg'],https://hq.houseol.com.tw/images/pictures/1598QQ00000933i.jpg,,,,,0,金門縣金城鎮前水頭測段,--,['I'],['I'],0,606,0.0,66.25,0,-1.0,,0,0,False,,[],10,False,False,https://sinyi.in/o/S2426733PA/0/3,0,2,,3,False,False,893,,,,False,False,金門縣,Kinmen-county,10,https://www.sinyi.com.tw/buy/list/Kinmen-county/default-desc/10
,2085941CT,金大旁14間套房透天,24.449966,118.326812,['https://media.cthouse.com.tw/photo//project2/house_photo/202601/2085941-1_new.jpg'],https://media.cthouse.com.tw/photo//project2/house_photo/202601/2085941-1_new.jpg,,,,,0,金門縣金寧鄉環島北路1段,29.8年,['K'],['K'],0,1420,82.41,48.97,1,79.62,,1-3,3,False,,[],9,False,False,https://sinyi.in/o/2085941CT/0/3,0,2,,1,False,False,892,,,,False,False,金門縣,Kinmen-county,10,https://www.sinyi.com.tw/buy/list/Kinmen-county/default-desc/10
,2110012CT,金城鎮小西門方正農地,24.412988,118.327419,['https://media.cthouse.com.tw/photo//project2/house_photo/202605/2110012-1_new.jpg'],https://media.cthouse.com.tw/photo//project2/house_photo/202605/2110012-1_new.jpg,,,,,0,金門縣金城鎮小西門路,--,['I'],['I'],0,650,0.0,302.5,0,-1.0,,0,0,False,,[],1,False,False,https://sinyi.in/o/2110012CT/0/3,0,2,,3,False,False,893,,,,False,False,金門縣,Kinmen-county,10,https://www.sinyi.com.tw/buy/list/Kinmen-county/default-desc/10
,2074535CT,金寧湖峰四房公寓,24.459196,118.306061,['https://media.cthouse.com.tw/photo//project2/house_photo/202512/2074535-1_new.jpg'],https://media.cthouse.com.tw/photo//project2/house_photo/202512/2074535-1_new.jpg,,,,,0,金門縣金寧鄉湖下路,2.7年,['A'],['A'],0,1530,50.89,9.1,1,35.44,4房2廳2衛,7,7,False,,[],8,False,False,https://sinyi.in/o/2074535CT/0/3,0,2,,1,False,False,892,,,4房2廳2衛,False,False,金門縣,Kinmen-county,10,https://www.sinyi.com.tw/buy/list/Kinmen-county/default-desc/10
,S1984953PA,金城賢庵國小旁店面公寓,24.420415,118.322021,['https://hq.houseol.com.tw/images/pictures/1425AA6096989a.jpg'],https://hq.houseol.com.tw/images/pictures/1425AA6096989a.jpg,,,,,0,金門縣金城鎮庵前劃測段,10.4年,['A'],['A'],0,1280,31.29,24.84,0,29.01,1房2廳1衛,1,3,True,['6'],[],5,False,False,https://sinyi.in/o/S1984953PA/0/3,0,2,,1,False,False,893,,,1房2廳1衛,False,False,金門縣,Kinmen-county,10,https://www.sinyi.com.tw/buy/list/Kinmen-county/default-desc/10
,2091045CT,金門唯一湖上大飯店(金廈首選),24.418715,118.229966,['https://media.cthouse.com.tw/photo//project2/house_photo/202602/2091045-1_new.jpg'],https://media.cthouse.com.tw/photo//project2/house_photo/202602/2091045-1_new.jpg,,,,,0,金門縣烈嶼鄉青岐,30.9年,['K'],['K'],0,16800,884.49,461.54,1,884.48,,1-3,3,False,,[],18,False,False,https://sinyi.in/o/2091045CT/0/3,0,2,,1,False,False,894,,,,False,False,金門縣,Kinmen-county,10,https://www.sinyi.com.tw/buy/list/Kinmen-county/default-desc/10
,1830761CT,水頭段「西海路茅山搭」農地,24.415577,118.311187,['https://media.cthouse.com.tw/photo//project2/house_photo/202303/1830761-1_new.jpg'],https://media.cthouse.com.tw/photo//project2/house_photo/202303/1830761-1_new.jpg,,,,,0,金門縣金城鎮水頭段,--,['I'],['I'],0,118,0.0,114.32,0,-1.0,,0,0,False,,[],3,False,False,https://sinyi.in/o/1830761CT/0/3,0,2,,3,False,False,893,,,,False,False,金門縣,Kinmen-county,10,https://www.sinyi.com.tw/buy/list/Kinmen-county/default-desc/10
,S2451668PA,金沙鎮后水頭農地,24.478273,118.416238,['https://hq.houseol.com.tw/images/pictures/1425AK5323613a.jpg'],https://hq.houseol.com.tw/images/pictures/1425AK5323613a.jpg,,,,,0,金門縣金沙鎮沙溪一劃段,--,['I'],['I'],0,598,0.0,272.88,0,-1.0,,0,0,False,,[],2,False,False,https://sinyi.in/o/S2451668PA/0/3,0,2,,3,False,False,890,,,,False,False,金門縣,Kinmen-county,11,https://www.sinyi.com.tw/buy/list/Kinmen-county/default-desc/11
,2101460CT,湖下重劃區｜質感電梯3房公寓,24.455324,118.305943,['https://media.cthouse.com.tw/photo//project2/house_photo/202604/2101460-1_new.jpg'],https://media.cthouse.com.tw/photo//project2/house_photo/202604/2101460-1_new.jpg,,,,,0,金門縣金寧鄉湖下路,1.7年,['A'],['A'],0,888,36.25,6.25,1,24.07,1廳2衛,4,7,False,,[],6,False,False,https://sinyi.in/o/2101460CT/0/3,0,2,,1,False,False,892,,,1廳2衛,False,False,金門縣,Kinmen-county,11,https://www.sinyi.com.tw/buy/list/Kinmen-county/default-desc/11
,2074545CT,金寧鄉埔後三房公寓,24.446643,118.318824,['https://media.cthouse.com.tw/photo//project2/house_photo/202512/2074545-1_new.jpg'],https://media.cthouse.com.tw/photo//project2/house_photo/202512/2074545-1_new.jpg,,,,,0,金門縣金寧鄉埔後路,1.1年,['A'],['A'],0,1280,34.65,15.13,1,29.72,3房1廳2衛,4,5,False,,[],9,False,False,https://sinyi.in/o/2074545CT/0/3,0,2,,1,False,False,892,,,3房1廳2衛,False,False,金門縣,Kinmen-county,11,https://www.sinyi.com.tw/buy/list/Kinmen-county/default-desc/11
,2095408CT,📣｜金城優質農地｜📣,24.437128,118.31207,['https://media.cthouse.com.tw/photo//project2/house_photo/202603/2095408-1_new.jpg'],https://media.cthouse.com.tw/photo//project2/house_photo/202603/2095408-1_new.jpg,,,,,0,金門縣金城鎮林湖路0段,--,['I'],['I'],0,395,0.0,159.72,0,-1.0,,0,0,False,,[],1,False,False,https://sinyi.in/o/2095408CT/0/3,0,2,,3,False,False,893,,,,False,False,金門縣,Kinmen-county,11,https://www.sinyi.com.tw/buy/list/Kinmen-county/default-desc/11
,YS104225HB,東洲盈春閣農地,24.450883,118.332982,['https://img.hbhousing.com.tw/pictures/A588/A588YS104225a.jpg'],https://img.hbhousing.com.tw/pictures/A588/A588YS104225a.jpg,,,,,0,金門縣金寧鄉東州,--,['I'],['I'],0,1080,0.0,386.35,0,-1.0,,0,0,False,,[],5,False,False,https://sinyi.in/o/YS104225HB/0/3,0,2,,3,False,False,892,,,,False,False,金門縣,Kinmen-county,11,https://www.sinyi.com.tw/buy/list/Kinmen-county/default-desc/11
